timestamp,datetime,BMSA_PackVoltage,BMSA_PackCurrent,BMSA_PackSOC,BMSA_PackSOH,BMSA_Gateway2PLCState1,BMSA_Gateway2PLCState2,BMSA_PackChargeCurrentLimit,BMSA_PackDischargeCurrentLimit,BMSA_PackFaultCode,BMSA_InternalState,BMSA_PackAverageTemperature,BMSA_PackMaxTemperature,BMSA_PackMinTemperature,BMSA_SupplementaryState,BMSA_ReportableState,BMSA_PackChargingCurrentTarget,BMSA_PackChargingVoltageTarget,BMSB_PackVoltage,BMSB_PackCurrent,BMSB_PackSOC,BMSB_PackSOH,BMSB_Gateway2PLCState1,BMSB_Gateway2PLCState2,BMSB_PackChargeCurrentLimit,BMSB_PackDischargeCurrentLimit,BMSB_PackFaultCode,BMSB_InternalState,BMSB_PackAverageTemperature,BMSB_PackMaxTemperature,BMSB_PackMinTemperature,BMSB_SupplementaryState,BMSB_ReportableState,BMSB_PackChargingCurrentTarget,BMSB_PackChargingVoltageTarget
1782120980.003305,"=""2026-06-22 16:36:20.003""",,,,,,,,,,,,,,,,,,128.4,,0.640,1.000,,,,,,,29.0,30.0,28.0,,,,
1782120980.027924,"=""2026-06-22 16:36:20.027""",128.4,,0.656,0.996,,,,,,,29.0,30.0,28.0,,,,,128.4,,0.640,1.000,,,,,,,29.0,30.0,28.0,,,,
1782120980.039771,"=""2026-06-22 16:36:20.039""",128.4,0.900,0.656,0.996,0x06,0x00,700.0,700.0,,,29.0,30.0,28.0,,,,,128.4,,0.640,1.000,,,,,,,29.0,30.0,28.0,,,,
1782120980.040232,"=""2026-06-22 16:36:20.040""",128.4,0.900,0.656,0.996,0x06,0x00,700.0,700.0,,,29.0,30.0,28.0,,,,,128.4,0.800,0.640,1.000,0x06,0x00,700.0,700.0,,,29.0,30.0,28.0,,,,
1782120980.091925,"=""2026-06-22 16:36:20.091""",128.4,0.900,0.656,0.996,0x06,0x00,700.0,700.0,,,29.0,30.0,28.0,,,,,128.4,0.800,0.640,1.000,0x06,0x00,700.0,700.0,,,29.0,30.0,28.0,,,,
1782120980.094552,"=""2026-06-22 16:36:20.094""",128.4,0.900,0.656,0.996,0x06,0x00,700.0,700.0,,,29.0,30.0,28.0,,,,,128.4,0.800,0.640,1.000,0x06,0x00,700.0,700.0,,,29.0,30.0,28.0,,,,
1782120980.140713,"=""2026-06-22 16:36:20.140""",128.4,0.900,0.656,0.996,0x06,0x00,700.0,700.0,,,29.0,30.0,28.0,,,,,128.4,0.800,0.640,1.000,0x06,0x00,700.0,700.0,,,29.0,30.0,28.0,,,,
1782120980.142125,"=""2026-06-22 16:36:20.142""",128.4,0.900,0.656,0.996,0x06,0x00,700.0,700.0,,,29.0,30.0,28.0,,,,,128.4,0.800,0.640,1.000,0x06,0x00,700.0,700.0,,,29.0,30.0,28.0,,,,
1782120980.191678,"=""2026-06-22 16:36:20.191""",128.4,0.900,0.656,0.996,0x06,0x00,700.0,700.0,,,29.0,30.0,28.0,,,,,128.4,0.800,0.640,1.000,0x06,0x00,700.0,700.0,,,29.0,30.0,28.0,,,,
1782120980.193087,"=""2026-06-22 16:36:20.193""",128.4,0.900,0.656,0.996,0x06,0x00,700.0,700.0,,,29.0,30.0,28.0,,,,,128.4,0.800,0.640,1.000,0x06,0x00,700.0,700.0,,,29.0,30.0,28.0,,,,
1782120980.242926,"=""2026-06-22 16:36:20.242""",128.4,0.900,0.656,0.996,0x06,0x00,700.0,700.0,,,29.0,30.0,28.0,,,,,128.4,0.800,0.640,1.000,0x06,0x00,700.0,700.0,,,29.0,30.0,28.0,,,,
1782120980.24415,"=""2026-06-22 16:36:20.244""",128.4,0.900,0.656,0.996,0x06,0x00,700.0,700.0,,,29.0,30.0,28.0,,,,,128.4,0.800,0.640,1.000,0x06,0x00,700.0,700.0,,,29.0,30.0,28.0,,,,
1782120980.296488,"=""2026-06-22 16:36:20.296""",128.4,0.900,0.656,0.996,0x06,0x00,700.0,700.0,,,29.0,30.0,28.0,,,,,128.4,0.800,0.640,1.000,0x06,0x00,700.0,700.0,,,29.0,30.0,28.0,,,,
1782120980.296945,"=""2026-06-22 16:36:20.296""",128.4,0.900,0.656,0.996,0x06,0x00,700.0,700.0,,,29.0,30.0,28.0,,,,,128.4,0.800,0.640,1.000,0x06,0x00,700.0,700.0,,,29.0,30.0,28.0,,,,
1782120980.34481,"=""2026-06-22 16:36:20.344""",128.4,0.900,0.656,0.996,0x06,0x00,700.0,700.0,,,29.0,30.0,28.0,,,,,128.4,0.800,0.640,1.000,0x06,0x00,700.0,700.0,,,29.0,30.0,28.0,,,,
1782120980.345971,"=""2026-06-22 16:36:20.345""",128.4,0.900,0.656,0.996,0x06,0x00,700.0,700.0,,,29.0,30.0,28.0,,,,,128.4,0.800,0.640,1.000,0x06,0x00,700.0,700.0,,,29.0,30.0,28.0,,,,
1782120980.397082,"=""2026-06-22 16:36:20.397""",128.4,0.900,0.656,0.996,0x06,0x00,700.0,700.0,,,29.0,30.0,28.0,,,,,128.4,0.800,0.640,1.000,0x06,0x00,700.0,700.0,,,29.0,30.0,28.0,,,,
1782120980.397424,"=""2026-06-22 16:36:20.397""",128.4,0.900,0.656,0.996,0x06,0x00,700.0,700.0,,,29.0,30.0,28.0,,,,,128.4,0.800,0.640,1.000,0x06,0x00,700.0,700.0,,,29.0,30.0,28.0,,,,
1782120980.448161,"=""2026-06-22 16:36:20.448""",128.4,0.900,0.656,0.996,0x06,0x00,700.0,700.0,,,29.0,30.0,28.0,,,,,128.4,0.800,0.640,1.000,0x06,0x00,700.0,700.0,,,29.0,30.0,28.0,,,,
1782120980.448206,"=""2026-06-22 16:36:20.448""",128.4,0.900,0.656,0.996,0x06,0x00,700.0,700.0,,,29.0,30.0,28.0,,,,,128.4,0.800,0.640,1.000,0x06,0x00,700.0,700.0,,,29.0,30.0,28.0,,,,
1782120980.497965,"=""2026-06-22 16:36:20.497""",128.4,0.900,0.656,0.996,0x06,0x00,700.0,700.0,,,29.0,30.0,28.0,,,,,128.4,0.800,0.640,1.000,0x06,0x00,700.0,700.0,,,29.0,30.0,28.0,,,,
1782120980.499176,"=""2026-06-22 16:36:20.499""",128.4,0.900,0.656,0.996,0x06,0x00,700.0,700.0,,,29.0,30.0,28.0,,,,,128.4,0.700,0.640,1.000,0x06,0x00,700.0,700.0,,,29.0,30.0,28.0,,,,
1782120980.502099,"=""2026-06-22 16:36:20.502""",128.4,0.900,0.656,0.996,0x06,0x00,700.0,700.0,,,29.0,30.0,28.0,,,,,128.4,0.700,0.640,1.000,0x06,0x00,700.0,700.0,,,29.0,30.0,28.0,,,,
1782120980.529886,"=""2026-06-22 16:36:20.529""",128.4,0.900,0.656,0.996,0x06,0x00,700.0,700.0,,,29.0,30.0,28.0,,,,,128.4,0.700,0.640,1.000,0x06,0x00,700.0,700.0,,,29.0,30.0,28.0,,,,
1782120980.548778,"=""2026-06-22 16:36:20.548""",128.4,0.900,0.656,0.996,0x06,0x00,700.0,700.0,,,29.0,30.0,28.0,,,,,128.4,0.700,0.640,1.000,0x06,0x00,700.0,700.0,,,29.0,30.0,28.0,,,,
1782120980.550404,"=""2026-06-22 16:36:20.550""",128.4,0.900,0.656,0.996,0x06,0x00,700.0,700.0,,,29.0,30.0,28.0,,,,,128.4,0.700,0.640,1.000,0x06,0x00,700.0,700.0,,,29.0,30.0,28.0,,,,
1782120980.601901,"=""2026-06-22 16:36:20.601""",128.4,0.900,0.656,0.996,0x06,0x00,700.0,700.0,,,29.0,30.0,28.0,,,,,128.4,0.700,0.640,1.000,0x06,0x00,700.0,700.0,,,29.0,30.0,28.0,,,,
1782120980.601966,"=""2026-06-22 16:36:20.601""",128.4,0.900,0.656,0.996,0x06,0x00,700.0,700.0,,,29.0,30.0,28.0,,,,,128.4,0.700,0.640,1.000,0x06,0x00,700.0,700.0,,,29.0,30.0,28.0,,,,
1782120980.650553,"=""2026-06-22 16:36:20.650""",128.4,0.900,0.656,0.996,0x06,0x00,700.0,700.0,,,29.0,30.0,28.0,,,,,128.4,0.700,0.640,1.000,0x06,0x00,700.0,700.0,,,29.0,30.0,28.0,,,,
1782120980.652237,"=""2026-06-22 16:36:20.652""",128.4,0.900,0.656,0.996,0x06,0x00,700.0,700.0,,,29.0,30.0,28.0,,,,,128.4,0.700,0.640,1.000,0x06,0x00,700.0,700.0,,,29.0,30.0,28.0,,,,
1782120980.701631,"=""2026-06-22 16:36:20.701""",128.4,0.900,0.656,0.996,0x06,0x00,700.0,700.0,,,29.0,30.0,28.0,,,,,128.4,0.700,0.640,1.000,0x06,0x00,700.0,700.0,,,29.0,30.0,28.0,,,,
1782120980.703281,"=""2026-06-22 16:36:20.703""",128.4,0.900,0.656,0.996,0x06,0x00,700.0,700.0,,,29.0,30.0,28.0,,,,,128.4,0.800,0.640,1.000,0x06,0x00,700.0,700.0,,,29.0,30.0,28.0,,,,
1782120980.752979,"=""2026-06-22 16:36:20.752""",128.4,0.900,0.656,0.996,0x06,0x00,700.0,700.0,,,29.0,30.0,28.0,,,,,128.4,0.800,0.640,1.000,0x06,0x00,700.0,700.0,,,29.0,30.0,28.0,,,,
1782120980.754306,"=""2026-06-22 16:36:20.754""",128.4,0.900,0.656,0.996,0x06,0x00,700.0,700.0,,,29.0,30.0,28.0,,,,,128.4,0.800,0.640,1.000,0x06,0x00,700.0,700.0,,,29.0,30.0,28.0,,,,
1782120980.803571,"=""2026-06-22 16:36:20.803""",128.4,0.900,0.656,0.996,0x06,0x00,700.0,700.0,,,29.0,30.0,28.0,,,,,128.4,0.800,0.640,1.000,0x06,0x00,700.0,700.0,,,29.0,30.0,28.0,,,,
1782120980.8054,"=""2026-06-22 16:36:20.805""",128.4,0.900,0.656,0.996,0x06,0x00,700.0,700.0,,,29.0,30.0,28.0,,,,,128.4,0.800,0.640,1.000,0x06,0x00,700.0,700.0,,,29.0,30.0,28.0,,,,
1782120980.854703,"=""2026-06-22 16:36:20.854""",128.4,0.900,0.656,0.996,0x06,0x00,700.0,700.0,,,29.0,30.0,28.0,,,,,128.4,0.800,0.640,1.000,0x06,0x00,700.0,700.0,,,29.0,30.0,28.0,,,,
1782120980.855952,"=""2026-06-22 16:36:20.855""",128.4,0.900,0.656,0.996,0x06,0x00,700.0,700.0,,,29.0,30.0,28.0,,,,,128.4,0.800,0.640,1.000,0x06,0x00,700.0,700.0,,,29.0,30.0,28.0,,,,
1782120980.906216,"=""2026-06-22 16:36:20.906""",128.4,0.900,0.656,0.996,0x06,0x00,700.0,700.0,,,29.0,30.0,28.0,,,,,128.4,0.800,0.640,1.000,0x06,0x00,700.0,700.0,,,29.0,30.0,28.0,,,,
1782120980.907617,"=""2026-06-22 16:36:20.907""",128.4,0.900,0.656,0.996,0x06,0x00,700.0,700.0,,,29.0,30.0,28.0,,,,,128.4,0.800,0.640,1.000,0x06,0x00,700.0,700.0,,,29.0,30.0,28.0,,,,
1782120980.956686,"=""2026-06-22 16:36:20.956""",128.4,0.900,0.656,0.996,0x06,0x00,700.0,700.0,,,29.0,30.0,28.0,,,,,128.4,0.800,0.640,1.000,0x06,0x00,700.0,700.0,,,29.0,30.0,28.0,,,,
1782120980.958113,"=""2026-06-22 16:36:20.958""",128.4,0.900,0.656,0.996,0x06,0x00,700.0,700.0,,,29.0,30.0,28.0,,,,,128.4,0.800,0.640,1.000,0x06,0x00,700.0,700.0,,,29.0,30.0,28.0,,,,
1782120981.004973,"=""2026-06-22 16:36:21.004""",128.4,0.900,0.656,0.996,0x06,0x00,700.0,700.0,,,29.0,30.0,28.0,,,,,128.4,0.800,0.640,1.000,0x06,0x00,700.0,700.0,,,29.0,30.0,28.0,,,,
1782120981.007763,"=""2026-06-22 16:36:21.007""",128.4,0.900,0.656,0.996,0x06,0x00,700.0,700.0,,,29.0,30.0,28.0,,,,,128.4,0.800,0.640,1.000,0x06,0x00,700.0,700.0,,,29.0,30.0,28.0,,,,
1782120981.009383,"=""2026-06-22 16:36:21.009""",128.4,0.900,0.656,0.996,0x06,0x00,700.0,700.0,,,29.0,30.0,28.0,,,,,128.4,0.800,0.640,1.000,0x06,0x00,700.0,700.0,,,29.0,30.0,28.0,,,,
1782120981.028827,"=""2026-06-22 16:36:21.028""",128.4,0.900,0.656,0.996,0x06,0x00,700.0,700.0,,,29.0,30.0,28.0,,,,,128.4,0.800,0.640,1.000,0x06,0x00,700.0,700.0,,,29.0,30.0,28.0,,,,
1782120981.058777,"=""2026-06-22 16:36:21.058""",128.4,0.900,0.656,0.996,0x06,0x00,700.0,700.0,,,29.0,30.0,28.0,,,,,128.4,0.800,0.640,1.000,0x06,0x00,700.0,700.0,,,29.0,30.0,28.0,,,,
1782120981.060669,"=""2026-06-22 16:36:21.060""",128.4,0.900,0.656,0.996,0x06,0x00,700.0,700.0,,,29.0,30.0,28.0,,,,,128.4,0.800,0.640,1.000,0x06,0x00,700.0,700.0,,,29.0,30.0,28.0,,,,
1782120981.109694,"=""2026-06-22 16:36:21.109""",128.4,0.900,0.656,0.996,0x06,0x00,700.0,700.0,,,29.0,30.0,28.0,,,,,128.4,0.800,0.640,1.000,0x06,0x00,700.0,700.0,,,29.0,30.0,28.0,,,,
1782120981.111347,"=""2026-06-22 16:36:21.111""",128.4,0.900,0.656,0.996,0x06,0x00,700.0,700.0,,,29.0,30.0,28.0,,,,,128.4,0.800,0.640,1.000,0x06,0x00,700.0,700.0,,,29.0,30.0,28.0,,,,
1782120981.160957,"=""2026-06-22 16:36:21.160""",128.4,0.900,0.656,0.996,0x06,0x00,700.0,700.0,,,29.0,30.0,28.0,,,,,128.4,0.800,0.640,1.000,0x06,0x00,700.0,700.0,,,29.0,30.0,28.0,,,,
1782120981.16246,"=""2026-06-22 16:36:21.162""",128.4,0.900,0.656,0.996,0x06,0x00,700.0,700.0,,,29.0,30.0,28.0,,,,,128.4,0.800,0.640,1.000,0x06,0x00,700.0,700.0,,,29.0,30.0,28.0,,,,
1782120981.213669,"=""2026-06-22 16:36:21.213""",128.4,0.900,0.656,0.996,0x06,0x00,700.0,700.0,,,29.0,30.0,28.0,,,,,128.4,0.800,0.640,1.000,0x06,0x00,700.0,700.0,,,29.0,30.0,28.0,,,,
1782120981.213729,"=""2026-06-22 16:36:21.213""",128.4,0.900,0.656,0.996,0x06,0x00,700.0,700.0,,,29.0,30.0,28.0,,,,,128.4,0.800,0.640,1.000,0x06,0x00,700.0,700.0,,,29.0,30.0,28.0,,,,
1782120981.263095,"=""2026-06-22 16:36:21.263""",128.4,0.900,0.656,0.996,0x06,0x00,700.0,700.0,,,29.0,30.0,28.0,,,,,128.4,0.800,0.640,1.000,0x06,0x00,700.0,700.0,,,29.0,30.0,28.0,,,,
1782120981.264133,"=""2026-06-22 16:36:21.264""",128.4,0.900,0.656,0.996,0x06,0x00,700.0,700.0,,,29.0,30.0,28.0,,,,,128.4,0.800,0.640,1.000,0x06,0x00,700.0,700.0,,,29.0,30.0,28.0,,,,
1782120981.313892,"=""2026-06-22 16:36:21.313""",128.4,0.900,0.656,0.996,0x06,0x00,700.0,700.0,,,29.0,30.0,28.0,,,,,128.4,0.800,0.640,1.000,0x06,0x00,700.0,700.0,,,29.0,30.0,28.0,,,,
1782120981.315527,"=""2026-06-22 16:36:21.315""",128.4,0.900,0.656,0.996,0x06,0x00,700.0,700.0,,,29.0,30.0,28.0,,,,,128.4,0.800,0.640,1.000,0x06,0x00,700.0,700.0,,,29.0,30.0,28.0,,,,
1782120981.364938,"=""2026-06-22 16:36:21.364""",128.4,0.900,0.656,0.996,0x06,0x00,700.0,700.0,,,29.0,30.0,28.0,,,,,128.4,0.800,0.640,1.000,0x06,0x00,700.0,700.0,,,29.0,30.0,28.0,,,,
1782120981.369676,"=""2026-06-22 16:36:21.369""",128.4,0.900,0.656,0.996,0x06,0x00,700.0,700.0,,,29.0,30.0,28.0,,,,,128.4,0.800,0.640,1.000,0x06,0x00,700.0,700.0,,,29.0,30.0,28.0,,,,
1782120981.416241,"=""2026-06-22 16:36:21.416""",128.4,0.900,0.656,0.996,0x06,0x00,700.0,700.0,,,29.0,30.0,28.0,,,,,128.4,0.800,0.640,1.000,0x06,0x00,700.0,700.0,,,29.0,30.0,28.0,,,,
1782120981.417267,"=""2026-06-22 16:36:21.417""",128.4,0.900,0.656,0.996,0x06,0x00,700.0,700.0,,,29.0,30.0,28.0,,,,,128.4,0.800,0.640,1.000,0x06,0x00,700.0,700.0,,,29.0,30.0,28.0,,,,
1782120981.466861,"=""2026-06-22 16:36:21.466""",128.4,0.900,0.656,0.996,0x06,0x00,700.0,700.0,,,29.0,30.0,28.0,,,,,128.4,0.800,0.640,1.000,0x06,0x00,700.0,700.0,,,29.0,30.0,28.0,,,,
1782120981.468136,"=""2026-06-22 16:36:21.468""",128.4,0.900,0.656,0.996,0x06,0x00,700.0,700.0,,,29.0,30.0,28.0,,,,,128.4,0.800,0.640,1.000,0x06,0x00,700.0,700.0,,,29.0,30.0,28.0,,,,
1782120981.504255,"=""2026-06-22 16:36:21.504""",128.4,0.900,0.656,0.996,0x06,0x00,700.0,700.0,,,29.0,30.0,28.0,,,,,128.4,0.800,0.640,1.000,0x06,0x00,700.0,700.0,,,29.0,30.0,28.0,,,,
1782120981.517716,"=""2026-06-22 16:36:21.517""",128.4,0.900,0.656,0.996,0x06,0x00,700.0,700.0,,,29.0,30.0,28.0,,,,,128.4,0.800,0.640,1.000,0x06,0x00,700.0,700.0,,,29.0,30.0,28.0,,,,
1782120981.51922,"=""2026-06-22 16:36:21.519""",128.4,0.900,0.656,0.996,0x06,0x00,700.0,700.0,,,29.0,30.0,28.0,,,,,128.4,0.800,0.640,1.000,0x06,0x00,700.0,700.0,,,29.0,30.0,28.0,,,,
1782120981.530213,"=""2026-06-22 16:36:21.530""",128.4,0.900,0.656,0.996,0x06,0x00,700.0,700.0,,,29.0,30.0,28.0,,,,,128.4,0.800,0.640,1.000,0x06,0x00,700.0,700.0,,,29.0,30.0,28.0,,,,
1782120981.571358,"=""2026-06-22 16:36:21.571""",128.4,0.900,0.656,0.996,0x06,0x00,700.0,700.0,,,29.0,30.0,28.0,,,,,128.4,0.800,0.640,1.000,0x06,0x00,700.0,700.0,,,29.0,30.0,28.0,,,,
1782120981.571827,"=""2026-06-22 16:36:21.571""",128.4,0.900,0.656,0.996,0x06,0x00,700.0,700.0,,,29.0,30.0,28.0,,,,,128.4,0.800,0.640,1.000,0x06,0x00,700.0,700.0,,,29.0,30.0,28.0,,,,
1782120981.620238,"=""2026-06-22 16:36:21.620""",128.4,0.900,0.656,0.996,0x06,0x00,700.0,700.0,,,29.0,30.0,28.0,,,,,128.4,0.800,0.640,1.000,0x06,0x00,700.0,700.0,,,29.0,30.0,28.0,,,,
1782120981.621092,"=""2026-06-22 16:36:21.621""",128.4,0.900,0.656,0.996,0x06,0x00,700.0,700.0,,,29.0,30.0,28.0,,,,,128.4,0.800,0.640,1.000,0x06,0x00,700.0,700.0,,,29.0,30.0,28.0,,,,
1782120981.671549,"=""2026-06-22 16:36:21.671""",128.4,0.900,0.656,0.996,0x06,0x00,700.0,700.0,,,29.0,30.0,28.0,,,,,128.4,0.800,0.640,1.000,0x06,0x00,700.0,700.0,,,29.0,30.0,28.0,,,,
1782120981.672048,"=""2026-06-22 16:36:21.672""",128.4,0.900,0.656,0.996,0x06,0x00,700.0,700.0,,,29.0,30.0,28.0,,,,,128.4,0.800,0.640,1.000,0x06,0x00,700.0,700.0,,,29.0,30.0,28.0,,,,
1782120981.72221,"=""2026-06-22 16:36:21.722""",128.4,0.900,0.656,0.996,0x06,0x00,700.0,700.0,,,29.0,30.0,28.0,,,,,128.4,0.800,0.640,1.000,0x06,0x00,700.0,700.0,,,29.0,30.0,28.0,,,,
1782120981.723292,"=""2026-06-22 16:36:21.723""",128.4,0.900,0.656,0.996,0x06,0x00,700.0,700.0,,,29.0,30.0,28.0,,,,,128.4,0.800,0.640,1.000,0x06,0x00,700.0,700.0,,,29.0,30.0,28.0,,,,
1782120981.773093,"=""2026-06-22 16:36:21.773""",128.4,0.900,0.656,0.996,0x06,0x00,700.0,700.0,,,29.0,30.0,28.0,,,,,128.4,0.800,0.640,1.000,0x06,0x00,700.0,700.0,,,29.0,30.0,28.0,,,,
1782120981.774285,"=""2026-06-22 16:36:21.774""",128.4,0.900,0.656,0.996,0x06,0x00,700.0,700.0,,,29.0,30.0,28.0,,,,,128.4,0.800,0.640,1.000,0x06,0x00,700.0,700.0,,,29.0,30.0,28.0,,,,
1782120981.823892,"=""2026-06-22 16:36:21.823""",128.4,0.900,0.656,0.996,0x06,0x00,700.0,700.0,,,29.0,30.0,28.0,,,,,128.4,0.800,0.640,1.000,0x06,0x00,700.0,700.0,,,29.0,30.0,28.0,,,,
1782120981.825434,"=""2026-06-22 16:36:21.825""",128.4,0.900,0.656,0.996,0x06,0x00,700.0,700.0,,,29.0,30.0,28.0,,,,,128.4,0.800,0.640,1.000,0x06,0x00,700.0,700.0,,,29.0,30.0,28.0,,,,
1782120981.874801,"=""2026-06-22 16:36:21.874""",128.4,0.900,0.656,0.996,0x06,0x00,700.0,700.0,,,29.0,30.0,28.0,,,,,128.4,0.800,0.640,1.000,0x06,0x00,700.0,700.0,,,29.0,30.0,28.0,,,,
1782120981.876216,"=""2026-06-22 16:36:21.876""",128.4,0.900,0.656,0.996,0x06,0x00,700.0,700.0,,,29.0,30.0,28.0,,,,,128.4,0.800,0.640,1.000,0x06,0x00,700.0,700.0,,,29.0,30.0,28.0,,,,
1782120981.92597,"=""2026-06-22 16:36:21.925""",128.4,0.900,0.656,0.996,0x06,0x00,700.0,700.0,,,29.0,30.0,28.0,,,,,128.4,0.800,0.640,1.000,0x06,0x00,700.0,700.0,,,29.0,30.0,28.0,,,,
1782120981.927196,"=""2026-06-22 16:36:21.927""",128.4,0.900,0.656,0.996,0x06,0x00,700.0,700.0,,,29.0,30.0,28.0,,,,,128.4,0.800,0.640,1.000,0x06,0x00,700.0,700.0,,,29.0,30.0,28.0,,,,
1782120981.977196,"=""2026-06-22 16:36:21.977""",128.4,0.900,0.656,0.996,0x06,0x00,700.0,700.0,,,29.0,30.0,28.0,,,,,128.4,0.800,0.640,1.000,0x06,0x00,700.0,700.0,,,29.0,30.0,28.0,,,,
1782120981.978115,"=""2026-06-22 16:36:21.978""",128.4,0.900,0.656,0.996,0x06,0x00,700.0,700.0,,,29.0,30.0,28.0,,,,,128.4,0.800,0.640,1.000,0x06,0x00,700.0,700.0,,,29.0,30.0,28.0,,,,
1782120982.005267,"=""2026-06-22 16:36:22.005""",128.4,0.900,0.656,0.996,0x06,0x00,700.0,700.0,,,29.0,30.0,28.0,,,,,128.4,0.800,0.640,1.000,0x06,0x00,700.0,700.0,,,29.0,30.0,28.0,,,,
1782120982.028051,"=""2026-06-22 16:36:22.028""",128.4,0.900,0.656,0.996,0x06,0x00,700.0,700.0,,,29.0,30.0,28.0,,,,,128.4,0.800,0.640,1.000,0x06,0x00,700.0,700.0,,,29.0,30.0,28.0,,,,
1782120982.02927,"=""2026-06-22 16:36:22.029""",128.4,0.900,0.656,0.996,0x06,0x00,700.0,700.0,,,29.0,30.0,28.0,,,,,128.4,0.800,0.640,1.000,0x06,0x00,700.0,700.0,,,29.0,30.0,28.0,,,,
1782120982.030905,"=""2026-06-22 16:36:22.030""",128.4,0.900,0.656,0.996,0x06,0x00,700.0,700.0,,,29.0,30.0,28.0,,,,,128.4,0.800,0.640,1.000,0x06,0x00,700.0,700.0,,,29.0,30.0,28.0,,,,
1782120982.078982,"=""2026-06-22 16:36:22.078""",128.4,0.900,0.656,0.996,0x06,0x00,700.0,700.0,,,29.0,30.0,28.0,,,,,128.4,0.800,0.640,1.000,0x06,0x00,700.0,700.0,,,29.0,30.0,28.0,,,,
1782120982.080332,"=""2026-06-22 16:36:22.080""",128.4,0.900,0.656,0.996,0x06,0x00,700.0,700.0,,,29.0,30.0,28.0,,,,,128.4,0.800,0.640,1.000,0x06,0x00,700.0,700.0,,,29.0,30.0,28.0,,,,
1782120982.130103,"=""2026-06-22 16:36:22.130""",128.4,0.900,0.656,0.996,0x06,0x00,700.0,700.0,,,29.0,30.0,28.0,,,,,128.4,0.800,0.640,1.000,0x06,0x00,700.0,700.0,,,29.0,30.0,28.0,,,,
1782120982.131394,"=""2026-06-22 16:36:22.131""",128.4,0.900,0.656,0.996,0x06,0x00,700.0,700.0,,,29.0,30.0,28.0,,,,,128.4,0.800,0.640,1.000,0x06,0x00,700.0,700.0,,,29.0,30.0,28.0,,,,
1782120982.180772,"=""2026-06-22 16:36:22.180""",128.4,0.900,0.656,0.996,0x06,0x00,700.0,700.0,,,29.0,30.0,28.0,,,,,128.4,0.800,0.640,1.000,0x06,0x00,700.0,700.0,,,29.0,30.0,28.0,,,,
1782120982.18216,"=""2026-06-22 16:36:22.182""",128.4,0.900,0.656,0.996,0x06,0x00,700.0,700.0,,,29.0,30.0,28.0,,,,,128.4,0.800,0.640,1.000,0x06,0x00,700.0,700.0,,,29.0,30.0,28.0,,,,
1782120982.232067,"=""2026-06-22 16:36:22.232""",128.4,0.900,0.656,0.996,0x06,0x00,700.0,700.0,,,29.0,30.0,28.0,,,,,128.4,0.800,0.640,1.000,0x06,0x00,700.0,700.0,,,29.0,30.0,28.0,,,,
1782120982.233326,"=""2026-06-22 16:36:22.233""",128.4,0.900,0.656,0.996,0x06,0x00,700.0,700.0,,,29.0,30.0,28.0,,,,,128.4,0.800,0.640,1.000,0x06,0x00,700.0,700.0,,,29.0,30.0,28.0,,,,
1782120982.282796,"=""2026-06-22 16:36:22.282""",128.4,0.900,0.656,0.996,0x06,0x00,700.0,700.0,,,29.0,30.0,28.0,,,,,128.4,0.800,0.640,1.000,0x06,0x00,700.0,700.0,,,29.0,30.0,28.0,,,,
1782120982.284513,"=""2026-06-22 16:36:22.284""",128.4,0.900,0.656,0.996,0x06,0x00,700.0,700.0,,,29.0,30.0,28.0,,,,,128.4,0.700,0.640,1.000,0x06,0x00,700.0,700.0,,,29.0,30.0,28.0,,,,
1782120982.334083,"=""2026-06-22 16:36:22.334""",128.4,0.900,0.656,0.996,0x06,0x00,700.0,700.0,,,29.0,30.0,28.0,,,,,128.4,0.700,0.640,1.000,0x06,0x00,700.0,700.0,,,29.0,30.0,28.0,,,,
1782120982.3352,"=""2026-06-22 16:36:22.335""",128.4,0.900,0.656,0.996,0x06,0x00,700.0,700.0,,,29.0,30.0,28.0,,,,,128.4,0.700,0.640,1.000,0x06,0x00,700.0,700.0,,,29.0,30.0,28.0,,,,
1782120982.385082,"=""2026-06-22 16:36:22.385""",128.4,0.900,0.656,0.996,0x06,0x00,700.0,700.0,,,29.0,30.0,28.0,,,,,128.4,0.700,0.640,1.000,0x06,0x00,700.0,700.0,,,29.0,30.0,28.0,,,,
1782120982.386498,"=""2026-06-22 16:36:22.386""",128.4,0.900,0.656,0.996,0x06,0x00,700.0,700.0,,,29.0,30.0,28.0,,,,,128.4,0.700,0.640,1.000,0x06,0x00,700.0,700.0,,,29.0,30.0,28.0,,,,
1782120982.435984,"=""2026-06-22 16:36:22.435""",128.4,0.900,0.656,0.996,0x06,0x00,700.0,700.0,,,29.0,30.0,28.0,,,,,128.4,0.700,0.640,1.000,0x06,0x00,700.0,700.0,,,29.0,30.0,28.0,,,,
1782120982.437357,"=""2026-06-22 16:36:22.437""",128.4,0.900,0.656,0.996,0x06,0x00,700.0,700.0,,,29.0,30.0,28.0,,,,,128.4,0.700,0.640,1.000,0x06,0x00,700.0,700.0,,,29.0,30.0,28.0,,,,
1782120982.487104,"=""2026-06-22 16:36:22.487""",128.4,0.900,0.656,0.996,0x06,0x00,700.0,700.0,,,29.0,30.0,28.0,,,,,128.4,0.700,0.640,1.000,0x06,0x00,700.0,700.0,,,29.0,30.0,28.0,,,,
1782120982.488234,"=""2026-06-22 16:36:22.488""",128.4,0.900,0.656,0.996,0x06,0x00,700.0,700.0,,,29.0,30.0,28.0,,,,,128.4,0.800,0.640,1.000,0x06,0x00,700.0,700.0,,,29.0,30.0,28.0,,,,
1782120982.510112,"=""2026-06-22 16:36:22.510""",128.4,0.900,0.656,0.996,0x06,0x00,700.0,700.0,,,29.0,30.0,28.0,,,,,128.4,0.800,0.640,1.000,0x06,0x00,700.0,700.0,,,29.0,30.0,28.0,,,,
1782120982.531937,"=""2026-06-22 16:36:22.531""",128.4,0.900,0.656,0.996,0x06,0x00,700.0,700.0,,,29.0,30.0,28.0,,,,,128.4,0.800,0.640,1.000,0x06,0x00,700.0,700.0,,,29.0,30.0,28.0,,,,
1782120982.537993,"=""2026-06-22 16:36:22.537""",128.4,0.900,0.656,0.996,0x06,0x00,700.0,700.0,,,29.0,30.0,28.0,,,,,128.4,0.800,0.640,1.000,0x06,0x00,700.0,700.0,,,29.0,30.0,28.0,,,,
1782120982.539252,"=""2026-06-22 16:36:22.539""",128.4,0.900,0.656,0.996,0x06,0x00,700.0,700.0,,,29.0,30.0,28.0,,,,,128.4,0.800,0.640,1.000,0x06,0x00,700.0,700.0,,,29.0,30.0,28.0,,,,
1782120982.589233,"=""2026-06-22 16:36:22.589""",128.4,0.900,0.656,0.996,0x06,0x00,700.0,700.0,,,29.0,30.0,28.0,,,,,128.4,0.800,0.640,1.000,0x06,0x00,700.0,700.0,,,29.0,30.0,28.0,,,,
1782120982.59038,"=""2026-06-22 16:36:22.590""",128.4,0.900,0.656,0.996,0x06,0x00,700.0,700.0,,,29.0,30.0,28.0,,,,,128.4,0.800,0.640,1.000,0x06,0x00,700.0,700.0,,,29.0,30.0,28.0,,,,
1782120982.639944,"=""2026-06-22 16:36:22.639""",128.4,0.900,0.656,0.996,0x06,0x00,700.0,700.0,,,29.0,30.0,28.0,,,,,128.4,0.800,0.640,1.000,0x06,0x00,700.0,700.0,,,29.0,30.0,28.0,,,,
1782120982.641383,"=""2026-06-22 16:36:22.641""",128.4,0.900,0.656,0.996,0x06,0x00,700.0,700.0,,,29.0,30.0,28.0,,,,,128.4,0.800,0.640,1.000,0x06,0x00,700.0,700.0,,,29.0,30.0,28.0,,,,
1782120982.690759,"=""2026-06-22 16:36:22.690""",128.4,0.900,0.656,0.996,0x06,0x00,700.0,700.0,,,29.0,30.0,28.0,,,,,128.4,0.800,0.640,1.000,0x06,0x00,700.0,700.0,,,29.0,30.0,28.0,,,,
1782120982.692453,"=""2026-06-22 16:36:22.692""",128.4,0.900,0.656,0.996,0x06,0x00,700.0,700.0,,,29.0,30.0,28.0,,,,,128.4,0.800,0.640,1.000,0x06,0x00,700.0,700.0,,,29.0,30.0,28.0,,,,
1782120982.742097,"=""2026-06-22 16:36:22.742""",128.4,0.900,0.656,0.996,0x06,0x00,700.0,700.0,,,29.0,30.0,28.0,,,,,128.4,0.800,0.640,1.000,0x06,0x00,700.0,700.0,,,29.0,30.0,28.0,,,,
1782120982.74324,"=""2026-06-22 16:36:22.743""",128.4,0.900,0.656,0.996,0x06,0x00,700.0,700.0,,,29.0,30.0,28.0,,,,,128.4,0.800,0.640,1.000,0x06,0x00,700.0,700.0,,,29.0,30.0,28.0,,,,
1782120982.792861,"=""2026-06-22 16:36:22.792""",128.4,0.900,0.656,0.996,0x06,0x00,700.0,700.0,,,29.0,30.0,28.0,,,,,128.4,0.800,0.640,1.000,0x06,0x00,700.0,700.0,,,29.0,30.0,28.0,,,,
1782120982.794452,"=""2026-06-22 16:36:22.794""",128.4,0.900,0.656,0.996,0x06,0x00,700.0,700.0,,,29.0,30.0,28.0,,,,,128.4,0.800,0.640,1.000,0x06,0x00,700.0,700.0,,,29.0,30.0,28.0,,,,
1782120982.847869,"=""2026-06-22 16:36:22.847""",128.4,0.900,0.656,0.996,0x06,0x00,700.0,700.0,,,29.0,30.0,28.0,,,,,128.4,0.800,0.640,1.000,0x06,0x00,700.0,700.0,,,29.0,30.0,28.0,,,,
1782120982.848208,"=""2026-06-22 16:36:22.848""",128.4,0.900,0.656,0.996,0x06,0x00,700.0,700.0,,,29.0,30.0,28.0,,,,,128.4,0.800,0.640,1.000,0x06,0x00,700.0,700.0,,,29.0,30.0,28.0,,,,
1782120982.894671,"=""2026-06-22 16:36:22.894""",128.4,0.900,0.656,0.996,0x06,0x00,700.0,700.0,,,29.0,30.0,28.0,,,,,128.4,0.800,0.640,1.000,0x06,0x00,700.0,700.0,,,29.0,30.0,28.0,,,,
1782120982.896339,"=""2026-06-22 16:36:22.896""",128.4,0.900,0.656,0.996,0x06,0x00,700.0,700.0,,,29.0,30.0,28.0,,,,,128.4,0.800,0.640,1.000,0x06,0x00,700.0,700.0,,,29.0,30.0,28.0,,,,
1782120982.945739,"=""2026-06-22 16:36:22.945""",128.4,0.900,0.656,0.996,0x06,0x00,700.0,700.0,,,29.0,30.0,28.0,,,,,128.4,0.800,0.640,1.000,0x06,0x00,700.0,700.0,,,29.0,30.0,28.0,,,,
1782120982.947512,"=""2026-06-22 16:36:22.947""",128.4,0.900,0.656,0.996,0x06,0x00,700.0,700.0,,,29.0,30.0,28.0,,,,,128.4,0.800,0.640,1.000,0x06,0x00,700.0,700.0,,,29.0,30.0,28.0,,,,
1782120982.996818,"=""2026-06-22 16:36:22.996""",128.4,0.900,0.656,0.996,0x06,0x00,700.0,700.0,,,29.0,30.0,28.0,,,,,128.4,0.800,0.640,1.000,0x06,0x00,700.0,700.0,,,29.0,30.0,28.0,,,,
1782120982.998495,"=""2026-06-22 16:36:22.998""",128.4,0.900,0.656,0.996,0x06,0x00,700.0,700.0,,,29.0,30.0,28.0,,,,,128.4,0.800,0.640,1.000,0x06,0x00,700.0,700.0,,,29.0,30.0,28.0,,,,
1782120983.007536,"=""2026-06-22 16:36:23.007""",128.4,0.900,0.656,0.996,0x06,0x00,700.0,700.0,,,29.0,30.0,28.0,,,,,128.4,0.800,0.640,1.000,0x06,0x00,700.0,700.0,,,29.0,30.0,28.0,,,,
1782120983.03281,"=""2026-06-22 16:36:23.032""",128.4,0.900,0.656,0.996,0x06,0x00,700.0,700.0,,,29.0,30.0,28.0,,,,,128.4,0.800,0.640,1.000,0x06,0x00,700.0,700.0,,,29.0,30.0,28.0,,,,
1782120983.048658,"=""2026-06-22 16:36:23.048""",128.4,0.900,0.656,0.996,0x06,0x00,700.0,700.0,,,29.0,30.0,28.0,,,,,128.4,0.800,0.640,1.000,0x06,0x00,700.0,700.0,,,29.0,30.0,28.0,,,,
1782120983.04961,"=""2026-06-22 16:36:23.049""",128.4,0.900,0.656,0.996,0x06,0x00,700.0,700.0,,,29.0,30.0,28.0,,,,,128.4,0.800,0.640,1.000,0x06,0x00,700.0,700.0,,,29.0,30.0,28.0,,,,
1782120983.098938,"=""2026-06-22 16:36:23.098""",128.4,0.900,0.656,0.996,0x06,0x00,700.0,700.0,,,29.0,30.0,28.0,,,,,128.4,0.800,0.640,1.000,0x06,0x00,700.0,700.0,,,29.0,30.0,28.0,,,,
1782120983.100444,"=""2026-06-22 16:36:23.100""",128.4,0.900,0.656,0.996,0x06,0x00,700.0,700.0,,,29.0,30.0,28.0,,,,,128.4,0.800,0.640,1.000,0x06,0x00,700.0,700.0,,,29.0,30.0,28.0,,,,
1782120983.149741,"=""2026-06-22 16:36:23.149""",128.4,0.900,0.656,0.996,0x06,0x00,700.0,700.0,,,29.0,30.0,28.0,,,,,128.4,0.800,0.640,1.000,0x06,0x00,700.0,700.0,,,29.0,30.0,28.0,,,,
1782120983.151321,"=""2026-06-22 16:36:23.151""",128.4,0.900,0.656,0.996,0x06,0x00,700.0,700.0,,,29.0,30.0,28.0,,,,,128.4,0.800,0.640,1.000,0x06,0x00,700.0,700.0,,,29.0,30.0,28.0,,,,
1782120983.201076,"=""2026-06-22 16:36:23.201""",128.4,0.900,0.656,0.996,0x06,0x00,700.0,700.0,,,29.0,30.0,28.0,,,,,128.4,0.800,0.640,1.000,0x06,0x00,700.0,700.0,,,29.0,30.0,28.0,,,,
1782120983.202453,"=""2026-06-22 16:36:23.202""",128.4,0.900,0.656,0.996,0x06,0x00,700.0,700.0,,,29.0,30.0,28.0,,,,,128.4,0.800,0.640,1.000,0x06,0x00,700.0,700.0,,,29.0,30.0,28.0,,,,
1782120983.251935,"=""2026-06-22 16:36:23.251""",128.4,0.900,0.656,0.996,0x06,0x00,700.0,700.0,,,29.0,30.0,28.0,,,,,128.4,0.800,0.640,1.000,0x06,0x00,700.0,700.0,,,29.0,30.0,28.0,,,,
1782120983.253422,"=""2026-06-22 16:36:23.253""",128.4,0.900,0.656,0.996,0x06,0x00,700.0,700.0,,,29.0,30.0,28.0,,,,,128.4,0.800,0.640,1.000,0x06,0x00,700.0,700.0,,,29.0,30.0,28.0,,,,
1782120983.303356,"=""2026-06-22 16:36:23.303""",128.4,0.900,0.656,0.996,0x06,0x00,700.0,700.0,,,29.0,30.0,28.0,,,,,128.4,0.800,0.640,1.000,0x06,0x00,700.0,700.0,,,29.0,30.0,28.0,,,,
1782120983.304599,"=""2026-06-22 16:36:23.304""",128.4,0.900,0.656,0.996,0x06,0x00,700.0,700.0,,,29.0,30.0,28.0,,,,,128.4,0.800,0.640,1.000,0x06,0x00,700.0,700.0,,,29.0,30.0,28.0,,,,
1782120983.355968,"=""2026-06-22 16:36:23.355""",128.4,0.900,0.656,0.996,0x06,0x00,700.0,700.0,,,29.0,30.0,28.0,,,,,128.4,0.800,0.640,1.000,0x06,0x00,700.0,700.0,,,29.0,30.0,28.0,,,,
1782120983.356063,"=""2026-06-22 16:36:23.356""",128.4,0.900,0.656,0.996,0x06,0x00,700.0,700.0,,,29.0,30.0,28.0,,,,,128.4,0.800,0.640,1.000,0x06,0x00,700.0,700.0,,,29.0,30.0,28.0,,,,
1782120983.405133,"=""2026-06-22 16:36:23.405""",128.4,0.900,0.656,0.996,0x06,0x00,700.0,700.0,,,29.0,30.0,28.0,,,,,128.4,0.800,0.640,1.000,0x06,0x00,700.0,700.0,,,29.0,30.0,28.0,,,,
1782120983.406135,"=""2026-06-22 16:36:23.406""",128.4,0.900,0.656,0.996,0x06,0x00,700.0,700.0,,,29.0,30.0,28.0,,,,,128.4,0.800,0.640,1.000,0x06,0x00,700.0,700.0,,,29.0,30.0,28.0,,,,
1782120983.456717,"=""2026-06-22 16:36:23.456""",128.4,0.900,0.656,0.996,0x06,0x00,700.0,700.0,,,29.0,30.0,28.0,,,,,128.4,0.800,0.640,1.000,0x06,0x00,700.0,700.0,,,29.0,30.0,28.0,,,,
1782120983.457476,"=""2026-06-22 16:36:23.457""",128.4,0.900,0.656,0.996,0x06,0x00,700.0,700.0,,,29.0,30.0,28.0,,,,,128.4,0.800,0.640,1.000,0x06,0x00,700.0,700.0,,,29.0,30.0,28.0,,,,
1782120983.506972,"=""2026-06-22 16:36:23.506""",128.4,0.900,0.656,0.996,0x06,0x00,700.0,700.0,,,29.0,30.0,28.0,,,,,128.4,0.800,0.640,1.000,0x06,0x00,700.0,700.0,,,29.0,30.0,28.0,,,,
1782120983.508511,"=""2026-06-22 16:36:23.508""",128.4,0.900,0.656,0.996,0x06,0x00,700.0,700.0,,,29.0,30.0,28.0,,,,,128.4,0.800,0.640,1.000,0x06,0x00,700.0,700.0,,,29.0,30.0,28.0,,,,
1782120983.508963,"=""2026-06-22 16:36:23.508""",128.4,0.900,0.656,0.996,0x06,0x00,700.0,700.0,,,29.0,30.0,28.0,,,,,128.4,0.800,0.640,1.000,0x06,0x00,700.0,700.0,,,29.0,30.0,28.0,,,,
1782120983.533766,"=""2026-06-22 16:36:23.533""",128.4,0.900,0.656,0.996,0x06,0x00,700.0,700.0,,,29.0,30.0,28.0,,,,,128.4,0.800,0.640,1.000,0x06,0x00,700.0,700.0,,,29.0,30.0,28.0,,,,
1782120983.557832,"=""2026-06-22 16:36:23.557""",128.4,0.900,0.656,0.996,0x06,0x00,700.0,700.0,,,29.0,30.0,28.0,,,,,128.4,0.800,0.640,1.000,0x06,0x00,700.0,700.0,,,29.0,30.0,28.0,,,,
1782120983.559549,"=""2026-06-22 16:36:23.559""",128.4,0.900,0.656,0.996,0x06,0x00,700.0,700.0,,,29.0,30.0,28.0,,,,,128.4,0.800,0.640,1.000,0x06,0x00,700.0,700.0,,,29.0,30.0,28.0,,,,
1782120983.610095,"=""2026-06-22 16:36:23.610""",128.4,0.900,0.656,0.996,0x06,0x00,700.0,700.0,,,29.0,30.0,28.0,,,,,128.4,0.800,0.640,1.000,0x06,0x00,700.0,700.0,,,29.0,30.0,28.0,,,,
1782120983.610359,"=""2026-06-22 16:36:23.610""",128.4,0.900,0.656,0.996,0x06,0x00,700.0,700.0,,,29.0,30.0,28.0,,,,,128.4,0.800,0.640,1.000,0x06,0x00,700.0,700.0,,,29.0,30.0,28.0,,,,
1782120983.659823,"=""2026-06-22 16:36:23.659""",128.4,0.900,0.656,0.996,0x06,0x00,700.0,700.0,,,29.0,30.0,28.0,,,,,128.4,0.800,0.640,1.000,0x06,0x00,700.0,700.0,,,29.0,30.0,28.0,,,,
1782120983.661406,"=""2026-06-22 16:36:23.661""",128.4,0.900,0.656,0.996,0x06,0x00,700.0,700.0,,,29.0,30.0,28.0,,,,,128.4,0.800,0.640,1.000,0x06,0x00,700.0,700.0,,,29.0,30.0,28.0,,,,
1782120983.713215,"=""2026-06-22 16:36:23.713""",128.4,0.900,0.656,0.996,0x06,0x00,700.0,700.0,,,29.0,30.0,28.0,,,,,128.4,0.800,0.640,1.000,0x06,0x00,700.0,700.0,,,29.0,30.0,28.0,,,,
1782120983.713275,"=""2026-06-22 16:36:23.713""",128.4,0.900,0.656,0.996,0x06,0x00,700.0,700.0,,,29.0,30.0,28.0,,,,,128.4,0.800,0.640,1.000,0x06,0x00,700.0,700.0,,,29.0,30.0,28.0,,,,
1782120983.762153,"=""2026-06-22 16:36:23.762""",128.4,0.900,0.656,0.996,0x06,0x00,700.0,700.0,,,29.0,30.0,28.0,,,,,128.4,0.800,0.640,1.000,0x06,0x00,700.0,700.0,,,29.0,30.0,28.0,,,,
1782120983.76318,"=""2026-06-22 16:36:23.763""",128.4,0.900,0.656,0.996,0x06,0x00,700.0,700.0,,,29.0,30.0,28.0,,,,,128.4,0.800,0.640,1.000,0x06,0x00,700.0,700.0,,,29.0,30.0,28.0,,,,
1782120983.813121,"=""2026-06-22 16:36:23.813""",128.4,0.900,0.656,0.996,0x06,0x00,700.0,700.0,,,29.0,30.0,28.0,,,,,128.4,0.800,0.640,1.000,0x06,0x00,700.0,700.0,,,29.0,30.0,28.0,,,,
1782120983.81454,"=""2026-06-22 16:36:23.814""",128.4,0.900,0.656,0.996,0x06,0x00,700.0,700.0,,,29.0,30.0,28.0,,,,,128.4,0.800,0.640,1.000,0x06,0x00,700.0,700.0,,,29.0,30.0,28.0,,,,
1782120983.863902,"=""2026-06-22 16:36:23.863""",128.4,0.900,0.656,0.996,0x06,0x00,700.0,700.0,,,29.0,30.0,28.0,,,,,128.4,0.800,0.640,1.000,0x06,0x00,700.0,700.0,,,29.0,30.0,28.0,,,,
1782120983.865236,"=""2026-06-22 16:36:23.865""",128.4,0.900,0.656,0.996,0x06,0x00,700.0,700.0,,,29.0,30.0,28.0,,,,,128.4,0.800,0.640,1.000,0x06,0x00,700.0,700.0,,,29.0,30.0,28.0,,,,
1782120983.914854,"=""2026-06-22 16:36:23.914""",128.4,0.900,0.656,0.996,0x06,0x00,700.0,700.0,,,29.0,30.0,28.0,,,,,128.4,0.800,0.640,1.000,0x06,0x00,700.0,700.0,,,29.0,30.0,28.0,,,,
1782120983.916137,"=""2026-06-22 16:36:23.916""",128.4,0.900,0.656,0.996,0x06,0x00,700.0,700.0,,,29.0,30.0,28.0,,,,,128.4,0.800,0.640,1.000,0x06,0x00,700.0,700.0,,,29.0,30.0,28.0,,,,
1782120983.967938,"=""2026-06-22 16:36:23.967""",128.4,0.900,0.656,0.996,0x06,0x00,700.0,700.0,,,29.0,30.0,28.0,,,,,128.4,0.800,0.640,1.000,0x06,0x00,700.0,700.0,,,29.0,30.0,28.0,,,,
1782120983.968044,"=""2026-06-22 16:36:23.968""",128.4,0.900,0.656,0.996,0x06,0x00,700.0,700.0,,,29.0,30.0,28.0,,,,,128.4,0.800,0.640,1.000,0x06,0x00,700.0,700.0,,,29.0,30.0,28.0,,,,
1782120984.009359,"=""2026-06-22 16:36:24.009""",128.4,0.900,0.656,0.996,0x06,0x00,700.0,700.0,,,29.0,30.0,28.0,,,,,128.4,0.800,0.640,1.000,0x06,0x00,700.0,700.0,,,29.0,30.0,28.0,,,,
1782120984.018958,"=""2026-06-22 16:36:24.018""",128.4,0.900,0.656,0.996,0x06,0x00,700.0,700.0,,,29.0,30.0,28.0,,,,,128.4,0.800,0.640,1.000,0x06,0x00,700.0,700.0,,,29.0,30.0,28.0,,,,
1782120984.019022,"=""2026-06-22 16:36:24.019""",128.4,0.900,0.656,0.996,0x06,0x00,700.0,700.0,,,29.0,30.0,28.0,,,,,128.4,0.800,0.640,1.000,0x06,0x00,700.0,700.0,,,29.0,30.0,28.0,,,,
1782120984.034942,"=""2026-06-22 16:36:24.034""",128.4,0.900,0.656,0.996,0x06,0x00,700.0,700.0,,,29.0,30.0,28.0,,,,,128.4,0.800,0.640,1.000,0x06,0x00,700.0,700.0,,,29.0,30.0,28.0,,,,
1782120984.067845,"=""2026-06-22 16:36:24.067""",128.4,0.900,0.656,0.996,0x06,0x00,700.0,700.0,,,29.0,30.0,28.0,,,,,128.4,0.800,0.640,1.000,0x06,0x00,700.0,700.0,,,29.0,30.0,28.0,,,,
1782120984.069392,"=""2026-06-22 16:36:24.069""",128.4,0.900,0.656,0.996,0x06,0x00,700.0,700.0,,,29.0,30.0,28.0,,,,,128.4,0.800,0.640,1.000,0x06,0x00,700.0,700.0,,,29.0,30.0,28.0,,,,
1782120984.122401,"=""2026-06-22 16:36:24.122""",128.4,0.900,0.656,0.996,0x06,0x00,700.0,700.0,,,29.0,30.0,28.0,,,,,128.4,0.800,0.640,1.000,0x06,0x00,700.0,700.0,,,29.0,30.0,28.0,,,,
1782120984.122813,"=""2026-06-22 16:36:24.122""",128.4,0.900,0.656,0.996,0x06,0x00,700.0,700.0,,,29.0,30.0,28.0,,,,,128.4,0.800,0.640,1.000,0x06,0x00,700.0,700.0,,,29.0,30.0,28.0,,,,
1782120984.16985,"=""2026-06-22 16:36:24.169""",128.4,0.900,0.656,0.996,0x06,0x00,700.0,700.0,,,29.0,30.0,28.0,,,,,128.4,0.800,0.640,1.000,0x06,0x00,700.0,700.0,,,29.0,30.0,28.0,,,,
1782120984.171586,"=""2026-06-22 16:36:24.171""",128.4,0.900,0.656,0.996,0x06,0x00,700.0,700.0,,,29.0,30.0,28.0,,,,,128.4,0.800,0.640,1.000,0x06,0x00,700.0,700.0,,,29.0,30.0,28.0,,,,
1782120984.221084,"=""2026-06-22 16:36:24.221""",128.4,0.900,0.656,0.996,0x06,0x00,700.0,700.0,,,29.0,30.0,28.0,,,,,128.4,0.800,0.640,1.000,0x06,0x00,700.0,700.0,,,29.0,30.0,28.0,,,,
1782120984.2222,"=""2026-06-22 16:36:24.222""",128.4,0.900,0.656,0.996,0x06,0x00,700.0,700.0,,,29.0,30.0,28.0,,,,,128.4,0.800,0.640,1.000,0x06,0x00,700.0,700.0,,,29.0,30.0,28.0,,,,
1782120984.272129,"=""2026-06-22 16:36:24.272""",128.4,0.900,0.656,0.996,0x06,0x00,700.0,700.0,,,29.0,30.0,28.0,,,,,128.4,0.800,0.640,1.000,0x06,0x00,700.0,700.0,,,29.0,30.0,28.0,,,,
1782120984.274629,"=""2026-06-22 16:36:24.274""",128.4,0.900,0.656,0.996,0x06,0x00,700.0,700.0,,,29.0,30.0,28.0,,,,,128.4,0.800,0.640,1.000,0x06,0x00,700.0,700.0,,,29.0,30.0,28.0,,,,
1782120984.323322,"=""2026-06-22 16:36:24.323""",128.4,0.900,0.656,0.996,0x06,0x00,700.0,700.0,,,29.0,30.0,28.0,,,,,128.4,0.800,0.640,1.000,0x06,0x00,700.0,700.0,,,29.0,30.0,28.0,,,,
1782120984.326793,"=""2026-06-22 16:36:24.326""",128.4,0.900,0.656,0.996,0x06,0x00,700.0,700.0,,,29.0,30.0,28.0,,,,,128.4,0.800,0.640,1.000,0x06,0x00,700.0,700.0,,,29.0,30.0,28.0,,,,
1782120984.373927,"=""2026-06-22 16:36:24.373""",128.4,0.900,0.656,0.996,0x06,0x00,700.0,700.0,,,29.0,30.0,28.0,,,,,128.4,0.800,0.640,1.000,0x06,0x00,700.0,700.0,,,29.0,30.0,28.0,,,,
1782120984.376199,"=""2026-06-22 16:36:24.376""",128.4,0.900,0.656,0.996,0x06,0x00,700.0,700.0,,,29.0,30.0,28.0,,,,,128.4,0.800,0.640,1.000,0x06,0x00,700.0,700.0,,,29.0,30.0,28.0,,,,
1782120984.424791,"=""2026-06-22 16:36:24.424""",128.4,0.900,0.656,0.996,0x06,0x00,700.0,700.0,,,29.0,30.0,28.0,,,,,128.4,0.800,0.640,1.000,0x06,0x00,700.0,700.0,,,29.0,30.0,28.0,,,,
1782120984.427656,"=""2026-06-22 16:36:24.427""",128.4,0.900,0.656,0.996,0x06,0x00,700.0,700.0,,,29.0,30.0,28.0,,,,,128.4,0.800,0.640,1.000,0x06,0x00,700.0,700.0,,,29.0,30.0,28.0,,,,
1782120984.475916,"=""2026-06-22 16:36:24.475""",128.4,0.900,0.656,0.996,0x06,0x00,700.0,700.0,,,29.0,30.0,28.0,,,,,128.4,0.800,0.640,1.000,0x06,0x00,700.0,700.0,,,29.0,30.0,28.0,,,,
1782120984.478419,"=""2026-06-22 16:36:24.478""",128.4,0.900,0.656,0.996,0x06,0x00,700.0,700.0,,,29.0,30.0,28.0,,,,,128.4,0.800,0.640,1.000,0x06,0x00,700.0,700.0,,,29.0,30.0,28.0,,,,
1782120984.510215,"=""2026-06-22 16:36:24.510""",128.4,0.900,0.656,0.996,0x06,0x00,700.0,700.0,,,29.0,30.0,28.0,,,,,128.4,0.800,0.640,1.000,0x06,0x00,700.0,700.0,,,29.0,30.0,28.0,,,,
1782120984.526854,"=""2026-06-22 16:36:24.526""",128.4,0.900,0.656,0.996,0x06,0x00,700.0,700.0,,,29.0,30.0,28.0,,,,,128.4,0.800,0.640,1.000,0x06,0x00,700.0,700.0,,,29.0,30.0,28.0,,,,
1782120984.529493,"=""2026-06-22 16:36:24.529""",128.4,0.900,0.656,0.996,0x06,0x00,700.0,700.0,,,29.0,30.0,28.0,,,,,128.4,0.800,0.640,1.000,0x06,0x00,700.0,700.0,,,29.0,30.0,28.0,,,,
1782120984.535873,"=""2026-06-22 16:36:24.535""",128.4,0.900,0.656,0.996,0x06,0x00,700.0,700.0,,,29.0,30.0,28.0,,,,,128.4,0.800,0.640,1.000,0x06,0x00,700.0,700.0,,,29.0,30.0,28.0,,,,
1782120984.577927,"=""2026-06-22 16:36:24.577""",128.4,0.900,0.656,0.996,0x06,0x00,700.0,700.0,,,29.0,30.0,28.0,,,,,128.4,0.800,0.640,1.000,0x06,0x00,700.0,700.0,,,29.0,30.0,28.0,,,,
1782120984.580471,"=""2026-06-22 16:36:24.580""",128.4,0.900,0.656,0.996,0x06,0x00,700.0,700.0,,,29.0,30.0,28.0,,,,,128.4,0.800,0.640,1.000,0x06,0x00,700.0,700.0,,,29.0,30.0,28.0,,,,
1782120984.628804,"=""2026-06-22 16:36:24.628""",128.4,0.900,0.656,0.996,0x06,0x00,700.0,700.0,,,29.0,30.0,28.0,,,,,128.4,0.800,0.640,1.000,0x06,0x00,700.0,700.0,,,29.0,30.0,28.0,,,,
1782120984.631188,"=""2026-06-22 16:36:24.631""",128.4,0.900,0.656,0.996,0x06,0x00,700.0,700.0,,,29.0,30.0,28.0,,,,,128.4,0.800,0.640,1.000,0x06,0x00,700.0,700.0,,,29.0,30.0,28.0,,,,
1782120984.67979,"=""2026-06-22 16:36:24.679""",128.4,0.900,0.656,0.996,0x06,0x00,700.0,700.0,,,29.0,30.0,28.0,,,,,128.4,0.800,0.640,1.000,0x06,0x00,700.0,700.0,,,29.0,30.0,28.0,,,,
1782120984.682379,"=""2026-06-22 16:36:24.682""",128.4,0.900,0.656,0.996,0x06,0x00,700.0,700.0,,,29.0,30.0,28.0,,,,,128.4,0.800,0.640,1.000,0x06,0x00,700.0,700.0,,,29.0,30.0,28.0,,,,
1782120984.731316,"=""2026-06-22 16:36:24.731""",128.4,0.900,0.656,0.996,0x06,0x00,700.0,700.0,,,29.0,30.0,28.0,,,,,128.4,0.800,0.640,1.000,0x06,0x00,700.0,700.0,,,29.0,30.0,28.0,,,,
1782120984.733987,"=""2026-06-22 16:36:24.733""",128.4,0.900,0.656,0.996,0x06,0x00,700.0,700.0,,,29.0,30.0,28.0,,,,,128.4,0.800,0.640,1.000,0x06,0x00,700.0,700.0,,,29.0,30.0,28.0,,,,
1782120984.782062,"=""2026-06-22 16:36:24.782""",128.4,0.900,0.656,0.996,0x06,0x00,700.0,700.0,,,29.0,30.0,28.0,,,,,128.4,0.800,0.640,1.000,0x06,0x00,700.0,700.0,,,29.0,30.0,28.0,,,,
1782120984.784661,"=""2026-06-22 16:36:24.784""",128.4,0.900,0.656,0.996,0x06,0x00,700.0,700.0,,,29.0,30.0,28.0,,,,,128.4,0.800,0.640,1.000,0x06,0x00,700.0,700.0,,,29.0,30.0,28.0,,,,
1782120984.833184,"=""2026-06-22 16:36:24.833""",128.4,0.900,0.656,0.996,0x06,0x00,700.0,700.0,,,29.0,30.0,28.0,,,,,128.4,0.800,0.640,1.000,0x06,0x00,700.0,700.0,,,29.0,30.0,28.0,,,,
1782120984.836426,"=""2026-06-22 16:36:24.836""",128.4,0.900,0.656,0.996,0x06,0x00,700.0,700.0,,,29.0,30.0,28.0,,,,,128.4,0.800,0.640,1.000,0x06,0x00,700.0,700.0,,,29.0,30.0,28.0,,,,
1782120984.885069,"=""2026-06-22 16:36:24.885""",128.4,0.900,0.656,0.996,0x06,0x00,700.0,700.0,,,29.0,30.0,28.0,,,,,128.4,0.800,0.640,1.000,0x06,0x00,700.0,700.0,,,29.0,30.0,28.0,,,,
1782120984.886833,"=""2026-06-22 16:36:24.886""",128.4,0.900,0.656,0.996,0x06,0x00,700.0,700.0,,,29.0,30.0,28.0,,,,,128.4,0.800,0.640,1.000,0x06,0x00,700.0,700.0,,,29.0,30.0,28.0,,,,
1782120984.93503,"=""2026-06-22 16:36:24.935""",128.4,0.900,0.656,0.996,0x06,0x00,700.0,700.0,,,29.0,30.0,28.0,,,,,128.4,0.800,0.640,1.000,0x06,0x00,700.0,700.0,,,29.0,30.0,28.0,,,,
1782120984.937451,"=""2026-06-22 16:36:24.937""",128.4,0.900,0.656,0.996,0x06,0x00,700.0,700.0,,,29.0,30.0,28.0,,,,,128.4,0.800,0.640,1.000,0x06,0x00,700.0,700.0,,,29.0,30.0,28.0,,,,
1782120984.986977,"=""2026-06-22 16:36:24.986""",128.4,0.900,0.656,0.996,0x06,0x00,700.0,700.0,,,29.0,30.0,28.0,,,,,128.4,0.800,0.640,1.000,0x06,0x00,700.0,700.0,,,29.0,30.0,28.0,,,,
1782120984.988246,"=""2026-06-22 16:36:24.988""",128.4,0.900,0.656,0.996,0x06,0x00,700.0,700.0,,,29.0,30.0,28.0,,,,,128.4,0.800,0.640,1.000,0x06,0x00,700.0,700.0,,,29.0,30.0,28.0,,,,
1782120985.0123,"=""2026-06-22 16:36:25.012""",128.4,0.900,0.656,0.996,0x06,0x00,700.0,700.0,,,29.0,30.0,28.0,,,,,128.4,0.800,0.640,1.000,0x06,0x00,700.0,700.0,,,29.0,30.0,28.0,,,,
1782120985.03724,"=""2026-06-22 16:36:25.037""",128.4,0.900,0.656,0.996,0x06,0x00,700.0,700.0,,,29.0,30.0,28.0,,,,,128.4,0.800,0.640,1.000,0x06,0x00,700.0,700.0,,,29.0,30.0,28.0,,,,
1782120985.037712,"=""2026-06-22 16:36:25.037""",128.4,0.900,0.656,0.996,0x06,0x00,700.0,700.0,,,29.0,30.0,28.0,,,,,128.4,0.800,0.640,1.000,0x06,0x00,700.0,700.0,,,29.0,30.0,28.0,,,,
1782120985.039738,"=""2026-06-22 16:36:25.039""",128.4,0.900,0.656,0.996,0x06,0x00,700.0,700.0,,,29.0,30.0,28.0,,,,,128.4,0.800,0.640,1.000,0x06,0x00,700.0,700.0,,,29.0,30.0,28.0,,,,
1782120985.087922,"=""2026-06-22 16:36:25.087""",128.4,0.900,0.656,0.996,0x06,0x00,700.0,700.0,,,29.0,30.0,28.0,,,,,128.4,0.800,0.640,1.000,0x06,0x00,700.0,700.0,,,29.0,30.0,28.0,,,,
1782120985.090372,"=""2026-06-22 16:36:25.090""",128.4,0.900,0.656,0.996,0x06,0x00,700.0,700.0,,,29.0,30.0,28.0,,,,,128.4,0.800,0.640,1.000,0x06,0x00,700.0,700.0,,,29.0,30.0,28.0,,,,
1782120985.139226,"=""2026-06-22 16:36:25.139""",128.4,0.900,0.656,0.996,0x06,0x00,700.0,700.0,,,29.0,30.0,28.0,,,,,128.4,0.800,0.640,1.000,0x06,0x00,700.0,700.0,,,29.0,30.0,28.0,,,,
1782120985.141212,"=""2026-06-22 16:36:25.141""",128.4,0.900,0.656,0.996,0x06,0x00,700.0,700.0,,,29.0,30.0,28.0,,,,,128.4,0.800,0.640,1.000,0x06,0x00,700.0,700.0,,,29.0,30.0,28.0,,,,
1782120985.190267,"=""2026-06-22 16:36:25.190""",128.4,0.900,0.656,0.996,0x06,0x00,700.0,700.0,,,29.0,30.0,28.0,,,,,128.4,0.800,0.640,1.000,0x06,0x00,700.0,700.0,,,29.0,30.0,28.0,,,,
1782120985.192274,"=""2026-06-22 16:36:25.192""",128.4,0.900,0.656,0.996,0x06,0x00,700.0,700.0,,,29.0,30.0,28.0,,,,,128.4,0.800,0.640,1.000,0x06,0x00,700.0,700.0,,,29.0,30.0,28.0,,,,
1782120985.241183,"=""2026-06-22 16:36:25.241""",128.4,0.900,0.656,0.996,0x06,0x00,700.0,700.0,,,29.0,30.0,28.0,,,,,128.4,0.800,0.640,1.000,0x06,0x00,700.0,700.0,,,29.0,30.0,28.0,,,,
1782120985.24336,"=""2026-06-22 16:36:25.243""",128.4,0.900,0.656,0.996,0x06,0x00,700.0,700.0,,,29.0,30.0,28.0,,,,,128.4,0.800,0.640,1.000,0x06,0x00,700.0,700.0,,,29.0,30.0,28.0,,,,
1782120985.292325,"=""2026-06-22 16:36:25.292""",128.4,0.900,0.656,0.996,0x06,0x00,700.0,700.0,,,29.0,30.0,28.0,,,,,128.4,0.800,0.640,1.000,0x06,0x00,700.0,700.0,,,29.0,30.0,28.0,,,,
1782120985.294563,"=""2026-06-22 16:36:25.294""",128.4,0.900,0.656,0.996,0x06,0x00,700.0,700.0,,,29.0,30.0,28.0,,,,,128.4,0.800,0.640,1.000,0x06,0x00,700.0,700.0,,,29.0,30.0,28.0,,,,
1782120985.343251,"=""2026-06-22 16:36:25.343""",128.4,0.900,0.656,0.996,0x06,0x00,700.0,700.0,,,29.0,30.0,28.0,,,,,128.4,0.800,0.640,1.000,0x06,0x00,700.0,700.0,,,29.0,30.0,28.0,,,,
1782120985.34557,"=""2026-06-22 16:36:25.345""",128.4,0.900,0.656,0.996,0x06,0x00,700.0,700.0,,,29.0,30.0,28.0,,,,,128.4,0.800,0.640,1.000,0x06,0x00,700.0,700.0,,,29.0,30.0,28.0,,,,
1782120985.398299,"=""2026-06-22 16:36:25.398""",128.4,0.900,0.656,0.996,0x06,0x00,700.0,700.0,,,29.0,30.0,28.0,,,,,128.4,0.800,0.640,1.000,0x06,0x00,700.0,700.0,,,29.0,30.0,28.0,,,,
1782120985.398777,"=""2026-06-22 16:36:25.398""",128.4,0.900,0.656,0.996,0x06,0x00,700.0,700.0,,,29.0,30.0,28.0,,,,,128.4,0.800,0.640,1.000,0x06,0x00,700.0,700.0,,,29.0,30.0,28.0,,,,
1782120985.445196,"=""2026-06-22 16:36:25.445""",128.4,0.900,0.656,0.996,0x06,0x00,700.0,700.0,,,29.0,30.0,28.0,,,,,128.4,0.800,0.640,1.000,0x06,0x00,700.0,700.0,,,29.0,30.0,28.0,,,,
1782120985.447775,"=""2026-06-22 16:36:25.447""",128.4,0.900,0.656,0.996,0x06,0x00,700.0,700.0,,,29.0,30.0,28.0,,,,,128.4,0.800,0.640,1.000,0x06,0x00,700.0,700.0,,,29.0,30.0,28.0,,,,
1782120985.496276,"=""2026-06-22 16:36:25.496""",128.4,0.900,0.656,0.996,0x06,0x00,700.0,700.0,,,29.0,30.0,28.0,,,,,128.4,0.800,0.640,1.000,0x06,0x00,700.0,700.0,,,29.0,30.0,28.0,,,,
1782120985.498638,"=""2026-06-22 16:36:25.498""",128.4,0.900,0.656,0.996,0x06,0x00,700.0,700.0,,,29.0,30.0,28.0,,,,,128.4,0.800,0.640,1.000,0x06,0x00,700.0,700.0,,,29.0,30.0,28.0,,,,
1782120985.513294,"=""2026-06-22 16:36:25.513""",128.4,0.900,0.656,0.996,0x06,0x00,700.0,700.0,,,29.0,30.0,28.0,,,,,128.4,0.800,0.640,1.000,0x06,0x00,700.0,700.0,,,29.0,30.0,28.0,,,,
1782120985.538117,"=""2026-06-22 16:36:25.538""",128.4,0.900,0.656,0.996,0x06,0x00,700.0,700.0,,,29.0,30.0,28.0,,,,,128.4,0.800,0.640,1.000,0x06,0x00,700.0,700.0,,,29.0,30.0,28.0,,,,
1782120985.547125,"=""2026-06-22 16:36:25.547""",128.4,0.900,0.656,0.996,0x06,0x00,700.0,700.0,,,29.0,30.0,28.0,,,,,128.4,0.800,0.640,1.000,0x06,0x00,700.0,700.0,,,29.0,30.0,28.0,,,,
1782120985.549618,"=""2026-06-22 16:36:25.549""",128.4,0.900,0.656,0.996,0x06,0x00,700.0,700.0,,,29.0,30.0,28.0,,,,,128.4,0.800,0.640,1.000,0x06,0x00,700.0,700.0,,,29.0,30.0,28.0,,,,
1782120985.599277,"=""2026-06-22 16:36:25.599""",128.4,0.900,0.656,0.996,0x06,0x00,700.0,700.0,,,29.0,30.0,28.0,,,,,128.4,0.800,0.640,1.000,0x06,0x00,700.0,700.0,,,29.0,30.0,28.0,,,,
1782120985.600441,"=""2026-06-22 16:36:25.600""",128.4,0.900,0.656,0.996,0x06,0x00,700.0,700.0,,,29.0,30.0,28.0,,,,,128.4,0.800,0.640,1.000,0x06,0x00,700.0,700.0,,,29.0,30.0,28.0,,,,
1782120985.649155,"=""2026-06-22 16:36:25.649""",128.4,0.900,0.656,0.996,0x06,0x00,700.0,700.0,,,29.0,30.0,28.0,,,,,128.4,0.800,0.640,1.000,0x06,0x00,700.0,700.0,,,29.0,30.0,28.0,,,,
1782120985.651324,"=""2026-06-22 16:36:25.651""",128.4,0.900,0.656,0.996,0x06,0x00,700.0,700.0,,,29.0,30.0,28.0,,,,,128.4,0.800,0.640,1.000,0x06,0x00,700.0,700.0,,,29.0,30.0,28.0,,,,
1782120985.700259,"=""2026-06-22 16:36:25.700""",128.4,0.900,0.656,0.996,0x06,0x00,700.0,700.0,,,29.0,30.0,28.0,,,,,128.4,0.800,0.640,1.000,0x06,0x00,700.0,700.0,,,29.0,30.0,28.0,,,,
1782120985.702322,"=""2026-06-22 16:36:25.702""",128.4,0.900,0.656,0.996,0x06,0x00,700.0,700.0,,,29.0,30.0,28.0,,,,,128.4,0.800,0.640,1.000,0x06,0x00,700.0,700.0,,,29.0,30.0,28.0,,,,
1782120985.750894,"=""2026-06-22 16:36:25.750""",128.4,0.900,0.656,0.996,0x06,0x00,700.0,700.0,,,29.0,30.0,28.0,,,,,128.4,0.800,0.640,1.000,0x06,0x00,700.0,700.0,,,29.0,30.0,28.0,,,,
1782120985.753487,"=""2026-06-22 16:36:25.753""",128.4,0.900,0.656,0.996,0x06,0x00,700.0,700.0,,,29.0,30.0,28.0,,,,,128.4,0.800,0.640,1.000,0x06,0x00,700.0,700.0,,,29.0,30.0,28.0,,,,
1782120985.802139,"=""2026-06-22 16:36:25.802""",128.4,0.900,0.656,0.996,0x06,0x00,700.0,700.0,,,29.0,30.0,28.0,,,,,128.4,0.800,0.640,1.000,0x06,0x00,700.0,700.0,,,29.0,30.0,28.0,,,,
1782120985.804662,"=""2026-06-22 16:36:25.804""",128.4,0.900,0.656,0.996,0x06,0x00,700.0,700.0,,,29.0,30.0,28.0,,,,,128.4,0.800,0.640,1.000,0x06,0x00,700.0,700.0,,,29.0,30.0,28.0,,,,
1782120985.853659,"=""2026-06-22 16:36:25.853""",128.4,0.900,0.656,0.996,0x06,0x00,700.0,700.0,,,29.0,30.0,28.0,,,,,128.4,0.800,0.640,1.000,0x06,0x00,700.0,700.0,,,29.0,30.0,28.0,,,,
1782120985.855325,"=""2026-06-22 16:36:25.855""",128.4,0.900,0.656,0.996,0x06,0x00,700.0,700.0,,,29.0,30.0,28.0,,,,,128.4,0.800,0.640,1.000,0x06,0x00,700.0,700.0,,,29.0,30.0,28.0,,,,
1782120985.904055,"=""2026-06-22 16:36:25.904""",128.4,0.900,0.656,0.996,0x06,0x00,700.0,700.0,,,29.0,30.0,28.0,,,,,128.4,0.800,0.640,1.000,0x06,0x00,700.0,700.0,,,29.0,30.0,28.0,,,,
1782120985.906685,"=""2026-06-22 16:36:25.906""",128.4,0.900,0.656,0.996,0x06,0x00,700.0,700.0,,,29.0,30.0,28.0,,,,,128.4,0.800,0.640,1.000,0x06,0x00,700.0,700.0,,,29.0,30.0,28.0,,,,
1782120985.955358,"=""2026-06-22 16:36:25.955""",128.4,0.900,0.656,0.996,0x06,0x00,700.0,700.0,,,29.0,30.0,28.0,,,,,128.4,0.800,0.640,1.000,0x06,0x00,700.0,700.0,,,29.0,30.0,28.0,,,,
1782120985.957667,"=""2026-06-22 16:36:25.957""",128.4,0.900,0.656,0.996,0x06,0x00,700.0,700.0,,,29.0,30.0,28.0,,,,,128.4,0.800,0.640,1.000,0x06,0x00,700.0,700.0,,,29.0,30.0,28.0,,,,
1782120986.006339,"=""2026-06-22 16:36:26.006""",128.4,0.900,0.656,0.996,0x06,0x00,700.0,700.0,,,29.0,30.0,28.0,,,,,128.4,0.800,0.640,1.000,0x06,0x00,700.0,700.0,,,29.0,30.0,28.0,,,,
1782120986.008827,"=""2026-06-22 16:36:26.008""",128.4,0.900,0.656,0.996,0x06,0x00,700.0,700.0,,,29.0,30.0,28.0,,,,,128.4,0.800,0.640,1.000,0x06,0x00,700.0,700.0,,,29.0,30.0,28.0,,,,
1782120986.014624,"=""2026-06-22 16:36:26.014""",128.4,0.900,0.656,0.996,0x06,0x00,700.0,700.0,,,29.0,30.0,28.0,,,,,128.4,0.800,0.640,1.000,0x06,0x00,700.0,700.0,,,29.0,30.0,28.0,,,,
1782120986.039158,"=""2026-06-22 16:36:26.039""",128.4,0.900,0.656,0.996,0x06,0x00,700.0,700.0,,,29.0,30.0,28.0,,,,,128.4,0.800,0.640,1.000,0x06,0x00,700.0,700.0,,,29.0,30.0,28.0,,,,
1782120986.057225,"=""2026-06-22 16:36:26.057""",128.4,0.900,0.656,0.996,0x06,0x00,700.0,700.0,,,29.0,30.0,28.0,,,,,128.4,0.800,0.640,1.000,0x06,0x00,700.0,700.0,,,29.0,30.0,28.0,,,,
1782120986.059584,"=""2026-06-22 16:36:26.059""",128.4,0.900,0.656,0.996,0x06,0x00,700.0,700.0,,,29.0,30.0,28.0,,,,,128.4,0.800,0.640,1.000,0x06,0x00,700.0,700.0,,,29.0,30.0,28.0,,,,
1782120986.108225,"=""2026-06-22 16:36:26.108""",128.4,0.900,0.656,0.996,0x06,0x00,700.0,700.0,,,29.0,30.0,28.0,,,,,128.4,0.800,0.640,1.000,0x06,0x00,700.0,700.0,,,29.0,30.0,28.0,,,,
1782120986.110698,"=""2026-06-22 16:36:26.110""",128.4,0.900,0.656,0.996,0x06,0x00,700.0,700.0,,,29.0,30.0,28.0,,,,,128.4,0.800,0.640,1.000,0x06,0x00,700.0,700.0,,,29.0,30.0,28.0,,,,
1782120986.1591,"=""2026-06-22 16:36:26.159""",128.4,0.900,0.656,0.996,0x06,0x00,700.0,700.0,,,29.0,30.0,28.0,,,,,128.4,0.800,0.640,1.000,0x06,0x00,700.0,700.0,,,29.0,30.0,28.0,,,,
1782120986.161464,"=""2026-06-22 16:36:26.161""",128.4,0.900,0.656,0.996,0x06,0x00,700.0,700.0,,,29.0,30.0,28.0,,,,,128.4,0.800,0.640,1.000,0x06,0x00,700.0,700.0,,,29.0,30.0,28.0,,,,
1782120986.21031,"=""2026-06-22 16:36:26.210""",128.4,0.900,0.656,0.996,0x06,0x00,700.0,700.0,,,29.0,30.0,28.0,,,,,128.4,0.800,0.640,1.000,0x06,0x00,700.0,700.0,,,29.0,30.0,28.0,,,,
1782120986.212437,"=""2026-06-22 16:36:26.212""",128.4,0.900,0.656,0.996,0x06,0x00,700.0,700.0,,,29.0,30.0,28.0,,,,,128.4,0.800,0.640,1.000,0x06,0x00,700.0,700.0,,,29.0,30.0,28.0,,,,
1782120986.261289,"=""2026-06-22 16:36:26.261""",128.4,0.900,0.656,0.996,0x06,0x00,700.0,700.0,,,29.0,30.0,28.0,,,,,128.4,0.800,0.640,1.000,0x06,0x00,700.0,700.0,,,29.0,30.0,28.0,,,,
1782120986.263582,"=""2026-06-22 16:36:26.263""",128.4,0.900,0.656,0.996,0x06,0x00,700.0,700.0,,,29.0,30.0,28.0,,,,,128.4,0.800,0.640,1.000,0x06,0x00,700.0,700.0,,,29.0,30.0,28.0,,,,
1782120986.312088,"=""2026-06-22 16:36:26.312""",128.4,0.900,0.656,0.996,0x06,0x00,700.0,700.0,,,29.0,30.0,28.0,,,,,128.4,0.800,0.640,1.000,0x06,0x00,700.0,700.0,,,29.0,30.0,28.0,,,,
1782120986.314858,"=""2026-06-22 16:36:26.314""",128.4,0.900,0.656,0.996,0x06,0x00,700.0,700.0,,,29.0,30.0,28.0,,,,,128.4,0.800,0.640,1.000,0x06,0x00,700.0,700.0,,,29.0,30.0,28.0,,,,
1782120986.363255,"=""2026-06-22 16:36:26.363""",128.4,0.900,0.656,0.996,0x06,0x00,700.0,700.0,,,29.0,30.0,28.0,,,,,128.4,0.800,0.640,1.000,0x06,0x00,700.0,700.0,,,29.0,30.0,28.0,,,,
1782120986.365625,"=""2026-06-22 16:36:26.365""",128.4,0.900,0.656,0.996,0x06,0x00,700.0,700.0,,,29.0,30.0,28.0,,,,,128.4,0.800,0.640,1.000,0x06,0x00,700.0,700.0,,,29.0,30.0,28.0,,,,
1782120986.413983,"=""2026-06-22 16:36:26.413""",128.4,0.900,0.656,0.996,0x06,0x00,700.0,700.0,,,29.0,30.0,28.0,,,,,128.4,0.800,0.640,1.000,0x06,0x00,700.0,700.0,,,29.0,30.0,28.0,,,,
1782120986.416481,"=""2026-06-22 16:36:26.416""",128.4,0.900,0.656,0.996,0x06,0x00,700.0,700.0,,,29.0,30.0,28.0,,,,,128.4,0.800,0.640,1.000,0x06,0x00,700.0,700.0,,,29.0,30.0,28.0,,,,
1782120986.464987,"=""2026-06-22 16:36:26.464""",128.4,0.900,0.656,0.996,0x06,0x00,700.0,700.0,,,29.0,30.0,28.0,,,,,128.4,0.800,0.640,1.000,0x06,0x00,700.0,700.0,,,29.0,30.0,28.0,,,,
1782120986.467499,"=""2026-06-22 16:36:26.467""",128.4,0.900,0.656,0.996,0x06,0x00,700.0,700.0,,,29.0,30.0,28.0,,,,,128.4,0.800,0.640,1.000,0x06,0x00,700.0,700.0,,,29.0,30.0,28.0,,,,
1782120986.515589,"=""2026-06-22 16:36:26.515""",128.4,0.900,0.656,0.996,0x06,0x00,700.0,700.0,,,29.0,30.0,28.0,,,,,128.4,0.800,0.640,1.000,0x06,0x00,700.0,700.0,,,29.0,30.0,28.0,,,,
1782120986.516376,"=""2026-06-22 16:36:26.516""",128.4,0.900,0.656,0.996,0x06,0x00,700.0,700.0,,,29.0,30.0,28.0,,,,,128.4,0.800,0.640,1.000,0x06,0x00,700.0,700.0,,,29.0,30.0,28.0,,,,
1782120986.518702,"=""2026-06-22 16:36:26.518""",128.4,0.900,0.656,0.996,0x06,0x00,700.0,700.0,,,29.0,30.0,28.0,,,,,128.4,0.800,0.640,1.000,0x06,0x00,700.0,700.0,,,29.0,30.0,28.0,,,,
1782120986.540312,"=""2026-06-22 16:36:26.540""",128.4,0.900,0.656,0.996,0x06,0x00,700.0,700.0,,,29.0,30.0,28.0,,,,,128.4,0.800,0.640,1.000,0x06,0x00,700.0,700.0,,,29.0,30.0,28.0,,,,
1782120986.569171,"=""2026-06-22 16:36:26.569""",128.4,0.900,0.656,0.996,0x06,0x00,700.0,700.0,,,29.0,30.0,28.0,,,,,128.4,0.800,0.640,1.000,0x06,0x00,700.0,700.0,,,29.0,30.0,28.0,,,,
1782120986.569595,"=""2026-06-22 16:36:26.569""",128.4,0.900,0.656,0.996,0x06,0x00,700.0,700.0,,,29.0,30.0,28.0,,,,,128.4,0.800,0.640,1.000,0x06,0x00,700.0,700.0,,,29.0,30.0,28.0,,,,
1782120986.61913,"=""2026-06-22 16:36:26.619""",128.4,0.900,0.656,0.996,0x06,0x00,700.0,700.0,,,29.0,30.0,28.0,,,,,128.4,0.800,0.640,1.000,0x06,0x00,700.0,700.0,,,29.0,30.0,28.0,,,,
1782120986.620381,"=""2026-06-22 16:36:26.620""",128.4,0.900,0.656,0.996,0x06,0x00,700.0,700.0,,,29.0,30.0,28.0,,,,,128.4,0.800,0.640,1.000,0x06,0x00,700.0,700.0,,,29.0,30.0,28.0,,,,
1782120986.6692,"=""2026-06-22 16:36:26.669""",128.4,0.900,0.656,0.996,0x06,0x00,700.0,700.0,,,29.0,30.0,28.0,,,,,128.4,0.800,0.640,1.000,0x06,0x00,700.0,700.0,,,29.0,30.0,28.0,,,,
1782120986.673907,"=""2026-06-22 16:36:26.673""",128.4,0.900,0.656,0.996,0x06,0x00,700.0,700.0,,,29.0,30.0,28.0,,,,,128.4,0.800,0.640,1.000,0x06,0x00,700.0,700.0,,,29.0,30.0,28.0,,,,
1782120986.721193,"=""2026-06-22 16:36:26.721""",128.4,0.900,0.656,0.996,0x06,0x00,700.0,700.0,,,29.0,30.0,28.0,,,,,128.4,0.800,0.640,1.000,0x06,0x00,700.0,700.0,,,29.0,30.0,28.0,,,,
1782120986.722567,"=""2026-06-22 16:36:26.722""",128.4,0.900,0.656,0.996,0x06,0x00,700.0,700.0,,,29.0,30.0,28.0,,,,,128.4,0.800,0.640,1.000,0x06,0x00,700.0,700.0,,,29.0,30.0,28.0,,,,
1782120986.771078,"=""2026-06-22 16:36:26.771""",128.4,0.900,0.656,0.996,0x06,0x00,700.0,700.0,,,29.0,30.0,28.0,,,,,128.4,0.800,0.640,1.000,0x06,0x00,700.0,700.0,,,29.0,30.0,28.0,,,,
1782120986.773411,"=""2026-06-22 16:36:26.773""",128.4,0.900,0.656,0.996,0x06,0x00,700.0,700.0,,,29.0,30.0,28.0,,,,,128.4,0.800,0.640,1.000,0x06,0x00,700.0,700.0,,,29.0,30.0,28.0,,,,
1782120986.822228,"=""2026-06-22 16:36:26.822""",128.4,0.900,0.656,0.996,0x06,0x00,700.0,700.0,,,29.0,30.0,28.0,,,,,128.4,0.800,0.640,1.000,0x06,0x00,700.0,700.0,,,29.0,30.0,28.0,,,,
1782120986.824871,"=""2026-06-22 16:36:26.824""",128.4,0.900,0.656,0.996,0x06,0x00,700.0,700.0,,,29.0,30.0,28.0,,,,,128.4,0.800,0.640,1.000,0x06,0x00,700.0,700.0,,,29.0,30.0,28.0,,,,
1782120986.875171,"=""2026-06-22 16:36:26.875""",128.4,0.900,0.656,0.996,0x06,0x00,700.0,700.0,,,29.0,30.0,28.0,,,,,128.4,0.800,0.640,1.000,0x06,0x00,700.0,700.0,,,29.0,30.0,28.0,,,,
1782120986.876539,"=""2026-06-22 16:36:26.876""",128.4,0.900,0.656,0.996,0x06,0x00,700.0,700.0,,,29.0,30.0,28.0,,,,,128.4,0.800,0.640,1.000,0x06,0x00,700.0,700.0,,,29.0,30.0,28.0,,,,
1782120986.924454,"=""2026-06-22 16:36:26.924""",128.4,0.900,0.656,0.996,0x06,0x00,700.0,700.0,,,29.0,30.0,28.0,,,,,128.4,0.800,0.640,1.000,0x06,0x00,700.0,700.0,,,29.0,30.0,28.0,,,,
1782120986.926604,"=""2026-06-22 16:36:26.926""",128.4,0.900,0.656,0.996,0x06,0x00,700.0,700.0,,,29.0,30.0,28.0,,,,,128.4,0.800,0.640,1.000,0x06,0x00,700.0,700.0,,,29.0,30.0,28.0,,,,
1782120986.976223,"=""2026-06-22 16:36:26.976""",128.4,0.900,0.656,0.996,0x06,0x00,700.0,700.0,,,29.0,30.0,28.0,,,,,128.4,0.800,0.640,1.000,0x06,0x00,700.0,700.0,,,29.0,30.0,28.0,,,,
1782120986.977667,"=""2026-06-22 16:36:26.977""",128.4,0.900,0.656,0.996,0x06,0x00,700.0,700.0,,,29.0,30.0,28.0,,,,,128.4,0.800,0.640,1.000,0x06,0x00,700.0,700.0,,,29.0,30.0,28.0,,,,
1782120987.017915,"=""2026-06-22 16:36:27.017""",128.4,0.900,0.656,0.996,0x06,0x00,700.0,700.0,,,29.0,30.0,28.0,,,,,128.4,0.800,0.640,1.000,0x06,0x00,700.0,700.0,,,29.0,30.0,28.0,,,,
1782120987.02606,"=""2026-06-22 16:36:27.026""",128.4,0.900,0.656,0.996,0x06,0x00,700.0,700.0,,,29.0,30.0,28.0,,,,,128.4,0.800,0.640,1.000,0x06,0x00,700.0,700.0,,,29.0,30.0,28.0,,,,
1782120987.028721,"=""2026-06-22 16:36:27.028""",128.4,0.900,0.656,0.996,0x06,0x00,700.0,700.0,,,29.0,30.0,28.0,,,,,128.4,0.800,0.640,1.000,0x06,0x00,700.0,700.0,,,29.0,30.0,28.0,,,,
1782120987.042847,"=""2026-06-22 16:36:27.042""",128.4,0.900,0.656,0.996,0x06,0x00,700.0,700.0,,,29.0,30.0,28.0,,,,,128.4,0.800,0.640,1.000,0x06,0x00,700.0,700.0,,,29.0,30.0,28.0,,,,
1782120987.077419,"=""2026-06-22 16:36:27.077""",128.4,0.900,0.656,0.996,0x06,0x00,700.0,700.0,,,29.0,30.0,28.0,,,,,128.4,0.800,0.640,1.000,0x06,0x00,700.0,700.0,,,29.0,30.0,28.0,,,,
1782120987.079535,"=""2026-06-22 16:36:27.079""",128.4,0.900,0.656,0.996,0x06,0x00,700.0,700.0,,,29.0,30.0,28.0,,,,,128.4,0.800,0.640,1.000,0x06,0x00,700.0,700.0,,,29.0,30.0,28.0,,,,
1782120987.129445,"=""2026-06-22 16:36:27.129""",128.4,0.900,0.656,0.996,0x06,0x00,700.0,700.0,,,29.0,30.0,28.0,,,,,128.4,0.800,0.640,1.000,0x06,0x00,700.0,700.0,,,29.0,30.0,28.0,,,,
1782120987.130333,"=""2026-06-22 16:36:27.130""",128.4,0.900,0.656,0.996,0x06,0x00,700.0,700.0,,,29.0,30.0,28.0,,,,,128.4,0.800,0.640,1.000,0x06,0x00,700.0,700.0,,,29.0,30.0,28.0,,,,
1782120987.181205,"=""2026-06-22 16:36:27.181""",128.4,0.900,0.656,0.996,0x06,0x00,700.0,700.0,,,29.0,30.0,28.0,,,,,128.4,0.800,0.640,1.000,0x06,0x00,700.0,700.0,,,29.0,30.0,28.0,,,,
1782120987.181603,"=""2026-06-22 16:36:27.181""",128.4,0.900,0.656,0.996,0x06,0x00,700.0,700.0,,,29.0,30.0,28.0,,,,,128.4,0.800,0.640,1.000,0x06,0x00,700.0,700.0,,,29.0,30.0,28.0,,,,
1782120987.230267,"=""2026-06-22 16:36:27.230""",128.4,0.900,0.656,0.996,0x06,0x00,700.0,700.0,,,29.0,30.0,28.0,,,,,128.4,0.800,0.640,1.000,0x06,0x00,700.0,700.0,,,29.0,30.0,28.0,,,,
1782120987.232362,"=""2026-06-22 16:36:27.232""",128.4,0.900,0.656,0.996,0x06,0x00,700.0,700.0,,,29.0,30.0,28.0,,,,,128.4,0.800,0.640,1.000,0x06,0x00,700.0,700.0,,,29.0,30.0,28.0,,,,
1782120987.281595,"=""2026-06-22 16:36:27.281""",128.4,0.900,0.656,0.996,0x06,0x00,700.0,700.0,,,29.0,30.0,28.0,,,,,128.4,0.800,0.640,1.000,0x06,0x00,700.0,700.0,,,29.0,30.0,28.0,,,,
1782120987.283339,"=""2026-06-22 16:36:27.283""",128.4,0.900,0.656,0.996,0x06,0x00,700.0,700.0,,,29.0,30.0,28.0,,,,,128.4,0.800,0.640,1.000,0x06,0x00,700.0,700.0,,,29.0,30.0,28.0,,,,
1782120987.332303,"=""2026-06-22 16:36:27.332""",128.4,0.900,0.656,0.996,0x06,0x00,700.0,700.0,,,29.0,30.0,28.0,,,,,128.4,0.800,0.640,1.000,0x06,0x00,700.0,700.0,,,29.0,30.0,28.0,,,,
1782120987.334839,"=""2026-06-22 16:36:27.334""",128.4,0.900,0.656,0.996,0x06,0x00,700.0,700.0,,,29.0,30.0,28.0,,,,,128.4,0.800,0.640,1.000,0x06,0x00,700.0,700.0,,,29.0,30.0,28.0,,,,
1782120987.385204,"=""2026-06-22 16:36:27.385""",128.4,0.900,0.656,0.996,0x06,0x00,700.0,700.0,,,29.0,30.0,28.0,,,,,128.4,0.800,0.640,1.000,0x06,0x00,700.0,700.0,,,29.0,30.0,28.0,,,,
1782120987.385799,"=""2026-06-22 16:36:27.385""",128.4,0.900,0.656,0.996,0x06,0x00,700.0,700.0,,,29.0,30.0,28.0,,,,,128.4,0.800,0.640,1.000,0x06,0x00,700.0,700.0,,,29.0,30.0,28.0,,,,
1782120987.433968,"=""2026-06-22 16:36:27.433""",128.4,0.900,0.656,0.996,0x06,0x00,700.0,700.0,,,29.0,30.0,28.0,,,,,128.4,0.800,0.640,1.000,0x06,0x00,700.0,700.0,,,29.0,30.0,28.0,,,,
1782120987.436648,"=""2026-06-22 16:36:27.436""",128.4,0.900,0.656,0.996,0x06,0x00,700.0,700.0,,,29.0,30.0,28.0,,,,,128.4,0.800,0.640,1.000,0x06,0x00,700.0,700.0,,,29.0,30.0,28.0,,,,
1782120987.486552,"=""2026-06-22 16:36:27.486""",128.4,0.900,0.656,0.996,0x06,0x00,700.0,700.0,,,29.0,30.0,28.0,,,,,128.4,0.800,0.640,1.000,0x06,0x00,700.0,700.0,,,29.0,30.0,28.0,,,,
1782120987.487541,"=""2026-06-22 16:36:27.487""",128.4,0.900,0.656,0.996,0x06,0x00,700.0,700.0,,,29.0,30.0,28.0,,,,,128.4,0.800,0.640,1.000,0x06,0x00,700.0,700.0,,,29.0,30.0,28.0,,,,
1782120987.517668,"=""2026-06-22 16:36:27.517""",128.4,0.900,0.656,0.996,0x06,0x00,700.0,700.0,,,29.0,30.0,28.0,,,,,128.4,0.800,0.640,1.000,0x06,0x00,700.0,700.0,,,29.0,30.0,28.0,,,,
1782120987.536188,"=""2026-06-22 16:36:27.536""",128.4,0.900,0.656,0.996,0x06,0x00,700.0,700.0,,,29.0,30.0,28.0,,,,,128.4,0.800,0.640,1.000,0x06,0x00,700.0,700.0,,,29.0,30.0,28.0,,,,
1782120987.54506,"=""2026-06-22 16:36:27.545""",128.4,0.900,0.656,0.996,0x06,0x00,700.0,700.0,,,29.0,30.0,28.0,,,,,128.4,0.800,0.640,1.000,0x06,0x00,700.0,700.0,,,29.0,30.0,28.0,,,,
1782120987.54711,"=""2026-06-22 16:36:27.547""",128.4,0.900,0.656,0.996,0x06,0x00,700.0,700.0,,,29.0,30.0,28.0,,,,,128.4,0.800,0.640,1.000,0x06,0x00,700.0,700.0,,,29.0,30.0,28.0,,,,
1782120987.587384,"=""2026-06-22 16:36:27.587""",128.4,0.900,0.656,0.996,0x06,0x00,700.0,700.0,,,29.0,30.0,28.0,,,,,128.4,0.800,0.640,1.000,0x06,0x00,700.0,700.0,,,29.0,30.0,28.0,,,,
1782120987.590108,"=""2026-06-22 16:36:27.590""",128.4,0.900,0.656,0.996,0x06,0x00,700.0,700.0,,,29.0,30.0,28.0,,,,,128.4,0.800,0.640,1.000,0x06,0x00,700.0,700.0,,,29.0,30.0,28.0,,,,
1782120987.64046,"=""2026-06-22 16:36:27.640""",128.4,0.900,0.656,0.996,0x06,0x00,700.0,700.0,,,29.0,30.0,28.0,,,,,128.4,0.800,0.640,1.000,0x06,0x00,700.0,700.0,,,29.0,30.0,28.0,,,,
1782120987.640739,"=""2026-06-22 16:36:27.640""",128.4,0.900,0.656,0.996,0x06,0x00,700.0,700.0,,,29.0,30.0,28.0,,,,,128.4,0.800,0.640,1.000,0x06,0x00,700.0,700.0,,,29.0,30.0,28.0,,,,
1782120987.689094,"=""2026-06-22 16:36:27.689""",128.4,0.900,0.656,0.996,0x06,0x00,700.0,700.0,,,29.0,30.0,28.0,,,,,128.4,0.800,0.640,1.000,0x06,0x00,700.0,700.0,,,29.0,30.0,28.0,,,,
1782120987.691393,"=""2026-06-22 16:36:27.691""",128.4,0.900,0.656,0.996,0x06,0x00,700.0,700.0,,,29.0,30.0,28.0,,,,,128.4,0.800,0.640,1.000,0x06,0x00,700.0,700.0,,,29.0,30.0,28.0,,,,
1782120987.742146,"=""2026-06-22 16:36:27.742""",128.4,0.900,0.656,0.996,0x06,0x00,700.0,700.0,,,29.0,30.0,28.0,,,,,128.4,0.800,0.640,1.000,0x06,0x00,700.0,700.0,,,29.0,30.0,28.0,,,,
1782120987.742503,"=""2026-06-22 16:36:27.742""",128.4,0.900,0.656,0.996,0x06,0x00,700.0,700.0,,,29.0,30.0,28.0,,,,,128.4,0.800,0.640,1.000,0x06,0x00,700.0,700.0,,,29.0,30.0,28.0,,,,
1782120987.791076,"=""2026-06-22 16:36:27.791""",128.4,0.900,0.656,0.996,0x06,0x00,700.0,700.0,,,29.0,30.0,28.0,,,,,128.4,0.800,0.640,1.000,0x06,0x00,700.0,700.0,,,29.0,30.0,28.0,,,,
1782120987.793346,"=""2026-06-22 16:36:27.793""",128.4,0.900,0.656,0.996,0x06,0x00,700.0,700.0,,,29.0,30.0,28.0,,,,,128.4,0.800,0.640,1.000,0x06,0x00,700.0,700.0,,,29.0,30.0,28.0,,,,
1782120987.842501,"=""2026-06-22 16:36:27.842""",128.4,0.900,0.656,0.996,0x06,0x00,700.0,700.0,,,29.0,30.0,28.0,,,,,128.4,0.800,0.640,1.000,0x06,0x00,700.0,700.0,,,29.0,30.0,28.0,,,,
1782120987.844599,"=""2026-06-22 16:36:27.844""",128.4,0.900,0.656,0.996,0x06,0x00,700.0,700.0,,,29.0,30.0,28.0,,,,,128.4,0.800,0.640,1.000,0x06,0x00,700.0,700.0,,,29.0,30.0,28.0,,,,
1782120987.893215,"=""2026-06-22 16:36:27.893""",128.4,0.900,0.656,0.996,0x06,0x00,700.0,700.0,,,29.0,30.0,28.0,,,,,128.4,0.800,0.640,1.000,0x06,0x00,700.0,700.0,,,29.0,30.0,28.0,,,,
1782120987.895481,"=""2026-06-22 16:36:27.895""",128.4,0.900,0.656,0.996,0x06,0x00,700.0,700.0,,,29.0,30.0,28.0,,,,,128.4,0.800,0.640,1.000,0x06,0x00,700.0,700.0,,,29.0,30.0,28.0,,,,
1782120987.944359,"=""2026-06-22 16:36:27.944""",128.4,0.900,0.656,0.996,0x06,0x00,700.0,700.0,,,29.0,30.0,28.0,,,,,128.4,0.800,0.640,1.000,0x06,0x00,700.0,700.0,,,29.0,30.0,28.0,,,,
1782120987.949266,"=""2026-06-22 16:36:27.949""",128.4,0.900,0.656,0.996,0x06,0x00,700.0,700.0,,,29.0,30.0,28.0,,,,,128.4,0.800,0.640,1.000,0x06,0x00,700.0,700.0,,,29.0,30.0,28.0,,,,
1782120987.995087,"=""2026-06-22 16:36:27.995""",128.4,0.900,0.656,0.996,0x06,0x00,700.0,700.0,,,29.0,30.0,28.0,,,,,128.4,0.800,0.640,1.000,0x06,0x00,700.0,700.0,,,29.0,30.0,28.0,,,,
1782120987.997378,"=""2026-06-22 16:36:27.997""",128.4,0.900,0.656,0.996,0x06,0x00,700.0,700.0,,,29.0,30.0,28.0,,,,,128.4,0.800,0.640,1.000,0x06,0x00,700.0,700.0,,,29.0,30.0,28.0,,,,
1782120988.018451,"=""2026-06-22 16:36:28.018""",128.4,0.900,0.656,0.996,0x06,0x00,700.0,700.0,,,29.0,30.0,28.0,,,,,128.4,0.800,0.640,1.000,0x06,0x00,700.0,700.0,,,29.0,30.0,28.0,,,,
1782120988.043195,"=""2026-06-22 16:36:28.043""",128.4,0.900,0.656,0.996,0x06,0x00,700.0,700.0,,,29.0,30.0,28.0,,,,,128.4,0.800,0.640,1.000,0x06,0x00,700.0,700.0,,,29.0,30.0,28.0,,,,
1782120988.046505,"=""2026-06-22 16:36:28.046""",128.4,0.900,0.656,0.996,0x06,0x00,700.0,700.0,,,29.0,30.0,28.0,,,,,128.4,0.800,0.640,1.000,0x06,0x00,700.0,700.0,,,29.0,30.0,28.0,,,,
1782120988.048456,"=""2026-06-22 16:36:28.048""",128.4,0.900,0.656,0.996,0x06,0x00,700.0,700.0,,,29.0,30.0,28.0,,,,,128.4,0.800,0.640,1.000,0x06,0x00,700.0,700.0,,,29.0,30.0,28.0,,,,
1782120988.097123,"=""2026-06-22 16:36:28.097""",128.4,0.900,0.656,0.996,0x06,0x00,700.0,700.0,,,29.0,30.0,28.0,,,,,128.4,0.800,0.640,1.000,0x06,0x00,700.0,700.0,,,29.0,30.0,28.0,,,,
1782120988.09979,"=""2026-06-22 16:36:28.099""",128.4,0.900,0.656,0.996,0x06,0x00,700.0,700.0,,,29.0,30.0,28.0,,,,,128.4,0.800,0.640,1.000,0x06,0x00,700.0,700.0,,,29.0,30.0,28.0,,,,
1782120988.151494,"=""2026-06-22 16:36:28.151""",128.4,0.900,0.656,0.996,0x06,0x00,700.0,700.0,,,29.0,30.0,28.0,,,,,128.4,0.800,0.640,1.000,0x06,0x00,700.0,700.0,,,29.0,30.0,28.0,,,,
1782120988.151961,"=""2026-06-22 16:36:28.151""",128.4,0.900,0.656,0.996,0x06,0x00,700.0,700.0,,,29.0,30.0,28.0,,,,,128.4,0.800,0.640,1.000,0x06,0x00,700.0,700.0,,,29.0,30.0,28.0,,,,
1782120988.199328,"=""2026-06-22 16:36:28.199""",128.4,0.900,0.656,0.996,0x06,0x00,700.0,700.0,,,29.0,30.0,28.0,,,,,128.4,0.800,0.640,1.000,0x06,0x00,700.0,700.0,,,29.0,30.0,28.0,,,,
1782120988.201548,"=""2026-06-22 16:36:28.201""",128.4,0.900,0.656,0.996,0x06,0x00,700.0,700.0,,,29.0,30.0,28.0,,,,,128.4,0.800,0.640,1.000,0x06,0x00,700.0,700.0,,,29.0,30.0,28.0,,,,
1782120988.250386,"=""2026-06-22 16:36:28.250""",128.4,0.900,0.656,0.996,0x06,0x00,700.0,700.0,,,29.0,30.0,28.0,,,,,128.4,0.800,0.640,1.000,0x06,0x00,700.0,700.0,,,29.0,30.0,28.0,,,,
1782120988.252638,"=""2026-06-22 16:36:28.252""",128.4,0.900,0.656,0.996,0x06,0x00,700.0,700.0,,,29.0,30.0,28.0,,,,,128.4,0.800,0.640,1.000,0x06,0x00,700.0,700.0,,,29.0,30.0,28.0,,,,
1782120988.301186,"=""2026-06-22 16:36:28.301""",128.4,0.900,0.656,0.996,0x06,0x00,700.0,700.0,,,29.0,30.0,28.0,,,,,128.4,0.800,0.640,1.000,0x06,0x00,700.0,700.0,,,29.0,30.0,28.0,,,,
1782120988.303678,"=""2026-06-22 16:36:28.303""",128.4,0.900,0.656,0.996,0x06,0x00,700.0,700.0,,,29.0,30.0,28.0,,,,,128.4,0.800,0.640,1.000,0x06,0x00,700.0,700.0,,,29.0,30.0,28.0,,,,
1782120988.352354,"=""2026-06-22 16:36:28.352""",128.4,0.900,0.656,0.996,0x06,0x00,700.0,700.0,,,29.0,30.0,28.0,,,,,128.4,0.800,0.640,1.000,0x06,0x00,700.0,700.0,,,29.0,30.0,28.0,,,,
1782120988.354932,"=""2026-06-22 16:36:28.354""",128.4,0.900,0.656,0.996,0x06,0x00,700.0,700.0,,,29.0,30.0,28.0,,,,,128.4,0.800,0.640,1.000,0x06,0x00,700.0,700.0,,,29.0,30.0,28.0,,,,
1782120988.403444,"=""2026-06-22 16:36:28.403""",128.4,0.900,0.656,0.996,0x06,0x00,700.0,700.0,,,29.0,30.0,28.0,,,,,128.4,0.800,0.640,1.000,0x06,0x00,700.0,700.0,,,29.0,30.0,28.0,,,,
1782120988.405608,"=""2026-06-22 16:36:28.405""",128.4,0.900,0.656,0.996,0x06,0x00,700.0,700.0,,,29.0,30.0,28.0,,,,,128.4,0.800,0.640,1.000,0x06,0x00,700.0,700.0,,,29.0,30.0,28.0,,,,
1782120988.455382,"=""2026-06-22 16:36:28.455""",128.4,0.900,0.656,0.996,0x06,0x00,700.0,700.0,,,29.0,30.0,28.0,,,,,128.4,0.800,0.640,1.000,0x06,0x00,700.0,700.0,,,29.0,30.0,28.0,,,,
1782120988.456579,"=""2026-06-22 16:36:28.456""",128.4,0.900,0.656,0.996,0x06,0x00,700.0,700.0,,,29.0,30.0,28.0,,,,,128.4,0.800,0.640,1.000,0x06,0x00,700.0,700.0,,,29.0,30.0,28.0,,,,
1782120988.50515,"=""2026-06-22 16:36:28.505""",128.4,0.900,0.656,0.996,0x06,0x00,700.0,700.0,,,29.0,30.0,28.0,,,,,128.4,0.800,0.640,1.000,0x06,0x00,700.0,700.0,,,29.0,30.0,28.0,,,,
1782120988.507722,"=""2026-06-22 16:36:28.507""",128.4,0.900,0.656,0.996,0x06,0x00,700.0,700.0,,,29.0,30.0,28.0,,,,,128.4,0.700,0.640,1.000,0x06,0x00,700.0,700.0,,,29.0,30.0,28.0,,,,
1782120988.51967,"=""2026-06-22 16:36:28.519""",128.4,0.900,0.656,0.996,0x06,0x00,700.0,700.0,,,29.0,30.0,28.0,,,,,128.4,0.700,0.640,1.000,0x06,0x00,700.0,700.0,,,29.0,30.0,28.0,,,,
1782120988.544137,"=""2026-06-22 16:36:28.544""",128.4,0.900,0.656,0.996,0x06,0x00,700.0,700.0,,,29.0,30.0,28.0,,,,,128.4,0.700,0.640,1.000,0x06,0x00,700.0,700.0,,,29.0,30.0,28.0,,,,
1782120988.556267,"=""2026-06-22 16:36:28.556""",128.4,0.900,0.656,0.996,0x06,0x00,700.0,700.0,,,29.0,30.0,28.0,,,,,128.4,0.700,0.640,1.000,0x06,0x00,700.0,700.0,,,29.0,30.0,28.0,,,,
1782120988.558745,"=""2026-06-22 16:36:28.558""",128.4,0.900,0.656,0.996,0x06,0x00,700.0,700.0,,,29.0,30.0,28.0,,,,,128.4,0.700,0.640,1.000,0x06,0x00,700.0,700.0,,,29.0,30.0,28.0,,,,
1782120988.607401,"=""2026-06-22 16:36:28.607""",128.4,0.900,0.656,0.996,0x06,0x00,700.0,700.0,,,29.0,30.0,28.0,,,,,128.4,0.700,0.640,1.000,0x06,0x00,700.0,700.0,,,29.0,30.0,28.0,,,,
1782120988.609702,"=""2026-06-22 16:36:28.609""",128.4,0.900,0.656,0.996,0x06,0x00,700.0,700.0,,,29.0,30.0,28.0,,,,,128.4,0.700,0.640,1.000,0x06,0x00,700.0,700.0,,,29.0,30.0,28.0,,,,
1782120988.658189,"=""2026-06-22 16:36:28.658""",128.4,0.900,0.656,0.996,0x06,0x00,700.0,700.0,,,29.0,30.0,28.0,,,,,128.4,0.700,0.640,1.000,0x06,0x00,700.0,700.0,,,29.0,30.0,28.0,,,,
1782120988.660779,"=""2026-06-22 16:36:28.660""",128.4,0.900,0.656,0.996,0x06,0x00,700.0,700.0,,,29.0,30.0,28.0,,,,,128.4,0.700,0.640,1.000,0x06,0x00,700.0,700.0,,,29.0,30.0,28.0,,,,
1782120988.70944,"=""2026-06-22 16:36:28.709""",128.4,0.900,0.656,0.996,0x06,0x00,700.0,700.0,,,29.0,30.0,28.0,,,,,128.4,0.700,0.640,1.000,0x06,0x00,700.0,700.0,,,29.0,30.0,28.0,,,,
1782120988.711553,"=""2026-06-22 16:36:28.711""",128.4,0.900,0.656,0.996,0x06,0x00,700.0,700.0,,,29.0,30.0,28.0,,,,,128.4,0.800,0.640,1.000,0x06,0x00,700.0,700.0,,,29.0,30.0,28.0,,,,
1782120988.760091,"=""2026-06-22 16:36:28.760""",128.4,0.900,0.656,0.996,0x06,0x00,700.0,700.0,,,29.0,30.0,28.0,,,,,128.4,0.800,0.640,1.000,0x06,0x00,700.0,700.0,,,29.0,30.0,28.0,,,,
1782120988.762584,"=""2026-06-22 16:36:28.762""",128.4,0.900,0.656,0.996,0x06,0x00,700.0,700.0,,,29.0,30.0,28.0,,,,,128.4,0.800,0.640,1.000,0x06,0x00,700.0,700.0,,,29.0,30.0,28.0,,,,
1782120988.811077,"=""2026-06-22 16:36:28.811""",128.4,0.900,0.656,0.996,0x06,0x00,700.0,700.0,,,29.0,30.0,28.0,,,,,128.4,0.800,0.640,1.000,0x06,0x00,700.0,700.0,,,29.0,30.0,28.0,,,,
1782120988.81384,"=""2026-06-22 16:36:28.813""",128.4,0.900,0.656,0.996,0x06,0x00,700.0,700.0,,,29.0,30.0,28.0,,,,,128.4,0.800,0.640,1.000,0x06,0x00,700.0,700.0,,,29.0,30.0,28.0,,,,
1782120988.862366,"=""2026-06-22 16:36:28.862""",128.4,0.900,0.656,0.996,0x06,0x00,700.0,700.0,,,29.0,30.0,28.0,,,,,128.4,0.800,0.640,1.000,0x06,0x00,700.0,700.0,,,29.0,30.0,28.0,,,,
1782120988.864827,"=""2026-06-22 16:36:28.864""",128.4,0.900,0.656,0.996,0x06,0x00,700.0,700.0,,,29.0,30.0,28.0,,,,,128.4,0.800,0.640,1.000,0x06,0x00,700.0,700.0,,,29.0,30.0,28.0,,,,
1782120988.913312,"=""2026-06-22 16:36:28.913""",128.4,0.900,0.656,0.996,0x06,0x00,700.0,700.0,,,29.0,30.0,28.0,,,,,128.4,0.800,0.640,1.000,0x06,0x00,700.0,700.0,,,29.0,30.0,28.0,,,,
1782120988.915761,"=""2026-06-22 16:36:28.915""",128.4,0.900,0.656,0.996,0x06,0x00,700.0,700.0,,,29.0,30.0,28.0,,,,,128.4,0.800,0.640,1.000,0x06,0x00,700.0,700.0,,,29.0,30.0,28.0,,,,
1782120988.964111,"=""2026-06-22 16:36:28.964""",128.4,0.900,0.656,0.996,0x06,0x00,700.0,700.0,,,29.0,30.0,28.0,,,,,128.4,0.800,0.640,1.000,0x06,0x00,700.0,700.0,,,29.0,30.0,28.0,,,,
1782120988.966586,"=""2026-06-22 16:36:28.966""",128.4,0.900,0.656,0.996,0x06,0x00,700.0,700.0,,,29.0,30.0,28.0,,,,,128.4,0.800,0.640,1.000,0x06,0x00,700.0,700.0,,,29.0,30.0,28.0,,,,
1782120989.015243,"=""2026-06-22 16:36:29.015""",128.4,0.900,0.656,0.996,0x06,0x00,700.0,700.0,,,29.0,30.0,28.0,,,,,128.4,0.800,0.640,1.000,0x06,0x00,700.0,700.0,,,29.0,30.0,28.0,,,,
1782120989.017617,"=""2026-06-22 16:36:29.017""",128.4,0.900,0.656,0.996,0x06,0x00,700.0,700.0,,,29.0,30.0,28.0,,,,,128.4,0.800,0.640,1.000,0x06,0x00,700.0,700.0,,,29.0,30.0,28.0,,,,
1782120989.023318,"=""2026-06-22 16:36:29.023""",128.4,0.900,0.656,0.996,0x06,0x00,700.0,700.0,,,29.0,30.0,28.0,,,,,128.4,0.800,0.640,1.000,0x06,0x00,700.0,700.0,,,29.0,30.0,28.0,,,,
1782120989.045171,"=""2026-06-22 16:36:29.045""",128.4,0.900,0.656,0.996,0x06,0x00,700.0,700.0,,,29.0,30.0,28.0,,,,,128.4,0.800,0.640,1.000,0x06,0x00,700.0,700.0,,,29.0,30.0,28.0,,,,
1782120989.066245,"=""2026-06-22 16:36:29.066""",128.4,0.900,0.656,0.996,0x06,0x00,700.0,700.0,,,29.0,30.0,28.0,,,,,128.4,0.800,0.640,1.000,0x06,0x00,700.0,700.0,,,29.0,30.0,28.0,,,,
1782120989.068673,"=""2026-06-22 16:36:29.068""",128.4,0.900,0.656,0.996,0x06,0x00,700.0,700.0,,,29.0,30.0,28.0,,,,,128.4,0.800,0.640,1.000,0x06,0x00,700.0,700.0,,,29.0,30.0,28.0,,,,
1782120989.117542,"=""2026-06-22 16:36:29.117""",128.4,0.900,0.656,0.996,0x06,0x00,700.0,700.0,,,29.0,30.0,28.0,,,,,128.4,0.800,0.640,1.000,0x06,0x00,700.0,700.0,,,29.0,30.0,28.0,,,,
1782120989.119759,"=""2026-06-22 16:36:29.119""",128.4,0.900,0.656,0.996,0x06,0x00,700.0,700.0,,,29.0,30.0,28.0,,,,,128.4,0.800,0.640,1.000,0x06,0x00,700.0,700.0,,,29.0,30.0,28.0,,,,
1782120989.168127,"=""2026-06-22 16:36:29.168""",128.4,0.900,0.656,0.996,0x06,0x00,700.0,700.0,,,29.0,30.0,28.0,,,,,128.4,0.800,0.640,1.000,0x06,0x00,700.0,700.0,,,29.0,30.0,28.0,,,,
1782120989.170783,"=""2026-06-22 16:36:29.170""",128.4,0.900,0.656,0.996,0x06,0x00,700.0,700.0,,,29.0,30.0,28.0,,,,,128.4,0.800,0.640,1.000,0x06,0x00,700.0,700.0,,,29.0,30.0,28.0,,,,
1782120989.219429,"=""2026-06-22 16:36:29.219""",128.4,0.900,0.656,0.996,0x06,0x00,700.0,700.0,,,29.0,30.0,28.0,,,,,128.4,0.800,0.640,1.000,0x06,0x00,700.0,700.0,,,29.0,30.0,28.0,,,,
1782120989.224965,"=""2026-06-22 16:36:29.224""",128.4,0.900,0.656,0.996,0x06,0x00,700.0,700.0,,,29.0,30.0,28.0,,,,,128.4,0.800,0.640,1.000,0x06,0x00,700.0,700.0,,,29.0,30.0,28.0,,,,
1782120989.270378,"=""2026-06-22 16:36:29.270""",128.4,0.900,0.656,0.996,0x06,0x00,700.0,700.0,,,29.0,30.0,28.0,,,,,128.4,0.800,0.640,1.000,0x06,0x00,700.0,700.0,,,29.0,30.0,28.0,,,,
1782120989.272612,"=""2026-06-22 16:36:29.272""",128.4,0.900,0.656,0.996,0x06,0x00,700.0,700.0,,,29.0,30.0,28.0,,,,,128.4,0.800,0.640,1.000,0x06,0x00,700.0,700.0,,,29.0,30.0,28.0,,,,
1782120989.321171,"=""2026-06-22 16:36:29.321""",128.4,0.900,0.656,0.996,0x06,0x00,700.0,700.0,,,29.0,30.0,28.0,,,,,128.4,0.800,0.640,1.000,0x06,0x00,700.0,700.0,,,29.0,30.0,28.0,,,,
1782120989.323864,"=""2026-06-22 16:36:29.323""",128.4,0.900,0.656,0.996,0x06,0x00,700.0,700.0,,,29.0,30.0,28.0,,,,,128.4,0.800,0.640,1.000,0x06,0x00,700.0,700.0,,,29.0,30.0,28.0,,,,
1782120989.372323,"=""2026-06-22 16:36:29.372""",128.4,0.900,0.656,0.996,0x06,0x00,700.0,700.0,,,29.0,30.0,28.0,,,,,128.4,0.800,0.640,1.000,0x06,0x00,700.0,700.0,,,29.0,30.0,28.0,,,,
1782120989.375091,"=""2026-06-22 16:36:29.375""",128.4,0.900,0.656,0.996,0x06,0x00,700.0,700.0,,,29.0,30.0,28.0,,,,,128.4,0.800,0.640,1.000,0x06,0x00,700.0,700.0,,,29.0,30.0,28.0,,,,
1782120989.426721,"=""2026-06-22 16:36:29.426""",128.4,0.900,0.656,0.996,0x06,0x00,700.0,700.0,,,29.0,30.0,28.0,,,,,128.4,0.800,0.640,1.000,0x06,0x00,700.0,700.0,,,29.0,30.0,28.0,,,,
1782120989.427198,"=""2026-06-22 16:36:29.427""",128.4,0.900,0.656,0.996,0x06,0x00,700.0,700.0,,,29.0,30.0,28.0,,,,,128.4,0.800,0.640,1.000,0x06,0x00,700.0,700.0,,,29.0,30.0,28.0,,,,
1782120989.474196,"=""2026-06-22 16:36:29.474""",128.4,0.900,0.656,0.996,0x06,0x00,700.0,700.0,,,29.0,30.0,28.0,,,,,128.4,0.800,0.640,1.000,0x06,0x00,700.0,700.0,,,29.0,30.0,28.0,,,,
1782120989.476677,"=""2026-06-22 16:36:29.476""",128.4,0.900,0.656,0.996,0x06,0x00,700.0,700.0,,,29.0,30.0,28.0,,,,,128.4,0.800,0.640,1.000,0x06,0x00,700.0,700.0,,,29.0,30.0,28.0,,,,
1782120989.52166,"=""2026-06-22 16:36:29.521""",128.4,0.900,0.656,0.996,0x06,0x00,700.0,700.0,,,29.0,30.0,28.0,,,,,128.4,0.800,0.640,1.000,0x06,0x00,700.0,700.0,,,29.0,30.0,28.0,,,,
1782120989.525473,"=""2026-06-22 16:36:29.525""",128.4,0.900,0.656,0.996,0x06,0x00,700.0,700.0,,,29.0,30.0,28.0,,,,,128.4,0.800,0.640,1.000,0x06,0x00,700.0,700.0,,,29.0,30.0,28.0,,,,
1782120989.527593,"=""2026-06-22 16:36:29.527""",128.4,0.900,0.656,0.996,0x06,0x00,700.0,700.0,,,29.0,30.0,28.0,,,,,128.4,0.800,0.640,1.000,0x06,0x00,700.0,700.0,,,29.0,30.0,28.0,,,,
1782120989.546385,"=""2026-06-22 16:36:29.546""",128.4,0.900,0.656,0.996,0x06,0x00,700.0,700.0,,,29.0,30.0,28.0,,,,,128.4,0.800,0.640,1.000,0x06,0x00,700.0,700.0,,,29.0,30.0,28.0,,,,
1782120989.576481,"=""2026-06-22 16:36:29.576""",128.4,0.900,0.656,0.996,0x06,0x00,700.0,700.0,,,29.0,30.0,28.0,,,,,128.4,0.800,0.640,1.000,0x06,0x00,700.0,700.0,,,29.0,30.0,28.0,,,,
1782120989.578887,"=""2026-06-22 16:36:29.578""",128.4,0.900,0.656,0.996,0x06,0x00,700.0,700.0,,,29.0,30.0,28.0,,,,,128.4,0.800,0.640,1.000,0x06,0x00,700.0,700.0,,,29.0,30.0,28.0,,,,
1782120989.628439,"=""2026-06-22 16:36:29.628""",128.4,0.900,0.656,0.996,0x06,0x00,700.0,700.0,,,29.0,30.0,28.0,,,,,128.4,0.800,0.640,1.000,0x06,0x00,700.0,700.0,,,29.0,30.0,28.0,,,,
1782120989.629735,"=""2026-06-22 16:36:29.629""",128.4,0.900,0.656,0.996,0x06,0x00,700.0,700.0,,,29.0,30.0,28.0,,,,,128.4,0.800,0.640,1.000,0x06,0x00,700.0,700.0,,,29.0,30.0,28.0,,,,
1782120989.678263,"=""2026-06-22 16:36:29.678""",128.4,0.900,0.656,0.996,0x06,0x00,700.0,700.0,,,29.0,30.0,28.0,,,,,128.4,0.800,0.640,1.000,0x06,0x00,700.0,700.0,,,29.0,30.0,28.0,,,,
1782120989.680843,"=""2026-06-22 16:36:29.680""",128.4,0.900,0.656,0.996,0x06,0x00,700.0,700.0,,,29.0,30.0,28.0,,,,,128.4,0.800,0.640,1.000,0x06,0x00,700.0,700.0,,,29.0,30.0,28.0,,,,
1782120989.729309,"=""2026-06-22 16:36:29.729""",128.4,0.900,0.656,0.996,0x06,0x00,700.0,700.0,,,29.0,30.0,28.0,,,,,128.4,0.800,0.640,1.000,0x06,0x00,700.0,700.0,,,29.0,30.0,28.0,,,,
1782120989.73181,"=""2026-06-22 16:36:29.731""",128.4,0.900,0.656,0.996,0x06,0x00,700.0,700.0,,,29.0,30.0,28.0,,,,,128.4,0.800,0.640,1.000,0x06,0x00,700.0,700.0,,,29.0,30.0,28.0,,,,
1782120989.780513,"=""2026-06-22 16:36:29.780""",128.4,0.900,0.656,0.996,0x06,0x00,700.0,700.0,,,29.0,30.0,28.0,,,,,128.4,0.800,0.640,1.000,0x06,0x00,700.0,700.0,,,29.0,30.0,28.0,,,,
1782120989.782711,"=""2026-06-22 16:36:29.782""",128.4,0.900,0.656,0.996,0x06,0x00,700.0,700.0,,,29.0,30.0,28.0,,,,,128.4,0.800,0.640,1.000,0x06,0x00,700.0,700.0,,,29.0,30.0,28.0,,,,
1782120989.831508,"=""2026-06-22 16:36:29.831""",128.4,0.900,0.656,0.996,0x06,0x00,700.0,700.0,,,29.0,30.0,28.0,,,,,128.4,0.800,0.640,1.000,0x06,0x00,700.0,700.0,,,29.0,30.0,28.0,,,,
1782120989.834341,"=""2026-06-22 16:36:29.834""",128.4,0.900,0.656,0.996,0x06,0x00,700.0,700.0,,,29.0,30.0,28.0,,,,,128.4,0.800,0.640,1.000,0x06,0x00,700.0,700.0,,,29.0,30.0,28.0,,,,
1782120989.882328,"=""2026-06-22 16:36:29.882""",128.4,0.900,0.656,0.996,0x06,0x00,700.0,700.0,,,29.0,30.0,28.0,,,,,128.4,0.800,0.640,1.000,0x06,0x00,700.0,700.0,,,29.0,30.0,28.0,,,,
1782120989.884689,"=""2026-06-22 16:36:29.884""",128.4,0.900,0.656,0.996,0x06,0x00,700.0,700.0,,,29.0,30.0,28.0,,,,,128.4,0.800,0.640,1.000,0x06,0x00,700.0,700.0,,,29.0,30.0,28.0,,,,
1782120989.933253,"=""2026-06-22 16:36:29.933""",128.4,0.900,0.656,0.996,0x06,0x00,700.0,700.0,,,29.0,30.0,28.0,,,,,128.4,0.800,0.640,1.000,0x06,0x00,700.0,700.0,,,29.0,30.0,28.0,,,,
1782120989.936798,"=""2026-06-22 16:36:29.936""",128.4,0.900,0.656,0.996,0x06,0x00,700.0,700.0,,,29.0,30.0,28.0,,,,,128.4,0.800,0.640,1.000,0x06,0x00,700.0,700.0,,,29.0,30.0,28.0,,,,
1782120989.984191,"=""2026-06-22 16:36:29.984""",128.4,0.900,0.656,0.996,0x06,0x00,700.0,700.0,,,29.0,30.0,28.0,,,,,128.4,0.800,0.640,1.000,0x06,0x00,700.0,700.0,,,29.0,30.0,28.0,,,,
1782120989.987713,"=""2026-06-22 16:36:29.987""",128.4,0.900,0.656,0.996,0x06,0x00,700.0,700.0,,,29.0,30.0,28.0,,,,,128.4,0.800,0.640,1.000,0x06,0x00,700.0,700.0,,,29.0,30.0,28.0,,,,
1782120990.022586,"=""2026-06-22 16:36:30.022""",128.4,0.900,0.656,0.996,0x06,0x00,700.0,700.0,,,29.0,30.0,28.0,,,,,128.4,0.800,0.640,1.000,0x06,0x00,700.0,700.0,,,29.0,30.0,28.0,,,,
1782120990.035163,"=""2026-06-22 16:36:30.035""",128.4,0.900,0.656,0.996,0x06,0x00,700.0,700.0,,,29.0,30.0,28.0,,,,,128.4,0.800,0.640,1.000,0x06,0x00,700.0,700.0,,,29.0,30.0,28.0,,,,
1782120990.038651,"=""2026-06-22 16:36:30.038""",128.4,0.900,0.656,0.996,0x06,0x00,700.0,700.0,,,29.0,30.0,28.0,,,,,128.4,0.800,0.640,1.000,0x06,0x00,700.0,700.0,,,29.0,30.0,28.0,,,,
1782120990.047452,"=""2026-06-22 16:36:30.047""",128.4,0.900,0.656,0.996,0x06,0x00,700.0,700.0,,,29.0,30.0,28.0,,,,,128.4,0.800,0.640,1.000,0x06,0x00,700.0,700.0,,,29.0,30.0,28.0,,,,
1782120990.086262,"=""2026-06-22 16:36:30.086""",128.4,0.900,0.656,0.996,0x06,0x00,700.0,700.0,,,29.0,30.0,28.0,,,,,128.4,0.800,0.640,1.000,0x06,0x00,700.0,700.0,,,29.0,30.0,28.0,,,,
1782120990.089903,"=""2026-06-22 16:36:30.089""",128.4,0.900,0.656,0.996,0x06,0x00,700.0,700.0,,,29.0,30.0,28.0,,,,,128.4,0.800,0.640,1.000,0x06,0x00,700.0,700.0,,,29.0,30.0,28.0,,,,
